/*
Navicat MySQL Data Transfer

Source Server         : guang
Source Server Version : 60011
Source Host           : localhost:3306
Source Database       : oa

Target Server Type    : MYSQL
Target Server Version : 60011
File Encoding         : 65001

Date: 2018-12-25 23:51:47
*/

SET FOREIGN_KEY_CHECKS=0;

-- ----------------------------
-- Table structure for `act_evt_log`
-- ----------------------------
DROP TABLE IF EXISTS `act_evt_log`;
CREATE TABLE `act_evt_log` (
  `LOG_NR_` bigint(20) NOT NULL AUTO_INCREMENT,
  `TYPE_` varchar(64) COLLATE utf8_bin DEFAULT NULL,
  `PROC_DEF_ID_` varchar(64) COLLATE utf8_bin DEFAULT NULL,
  `PROC_INST_ID_` varchar(64) COLLATE utf8_bin DEFAULT NULL,
  `EXECUTION_ID_` varchar(64) COLLATE utf8_bin DEFAULT NULL,
  `TASK_ID_` varchar(64) COLLATE utf8_bin DEFAULT NULL,
  `TIME_STAMP_` timestamp NOT NULL DEFAULT CURRENT_TIMESTAMP ON UPDATE CURRENT_TIMESTAMP,
  `USER_ID_` varchar(128) COLLATE utf8_bin DEFAULT NULL,
  `DATA_` longblob,
  `LOCK_OWNER_` varchar(128) COLLATE utf8_bin DEFAULT NULL,
  `LOCK_TIME_` timestamp NULL DEFAULT NULL,
  `IS_PROCESSED_` tinyint(4) DEFAULT '0',
  PRIMARY KEY (`LOG_NR_`)
) ENGINE=InnoDB DEFAULT CHARSET=utf8 COLLATE=utf8_bin;

-- ----------------------------
-- Records of act_evt_log
-- ----------------------------

-- ----------------------------
-- Table structure for `act_ge_bytearray`
-- ----------------------------
DROP TABLE IF EXISTS `act_ge_bytearray`;
CREATE TABLE `act_ge_bytearray` (
  `ID_` varchar(64) COLLATE utf8_bin NOT NULL DEFAULT '',
  `REV_` int(11) DEFAULT NULL,
  `NAME_` varchar(128) COLLATE utf8_bin DEFAULT NULL,
  `DEPLOYMENT_ID_` varchar(64) COLLATE utf8_bin DEFAULT NULL,
  `BYTES_` longblob,
  `GENERATED_` tinyint(4) DEFAULT NULL,
  PRIMARY KEY (`ID_`),
  KEY `ACT_FK_BYTEARR_DEPL` (`DEPLOYMENT_ID_`),
  CONSTRAINT `ACT_FK_BYTEARR_DEPL` FOREIGN KEY (`DEPLOYMENT_ID_`) REFERENCES `act_re_deployment` (`ID_`)
) ENGINE=InnoDB DEFAULT CHARSET=utf8 COLLATE=utf8_bin;

-- ----------------------------
-- Records of act_ge_bytearray
-- ----------------------------
INSERT INTO `act_ge_bytearray` VALUES ('12502', '1', 'diagrams/leave.bpmn', '12501', 0x3C3F786D6C2076657273696F6E3D22312E302220656E636F64696E673D225554462D38223F3E0A3C646566696E6974696F6E7320786D6C6E733D22687474703A2F2F7777772E6F6D672E6F72672F737065632F42504D4E2F32303130303532342F4D4F44454C2220786D6C6E733A7873693D22687474703A2F2F7777772E77332E6F72672F323030312F584D4C536368656D612D696E7374616E63652220786D6C6E733A7873643D22687474703A2F2F7777772E77332E6F72672F323030312F584D4C536368656D612220786D6C6E733A61637469766974693D22687474703A2F2F61637469766974692E6F72672F62706D6E2220786D6C6E733A62706D6E64693D22687474703A2F2F7777772E6F6D672E6F72672F737065632F42504D4E2F32303130303532342F44492220786D6C6E733A6F6D6764633D22687474703A2F2F7777772E6F6D672E6F72672F737065632F44442F32303130303532342F44432220786D6C6E733A6F6D6764693D22687474703A2F2F7777772E6F6D672E6F72672F737065632F44442F32303130303532342F44492220747970654C616E67756167653D22687474703A2F2F7777772E77332E6F72672F323030312F584D4C536368656D61222065787072657373696F6E4C616E67756167653D22687474703A2F2F7777772E77332E6F72672F313939392F585061746822207461726765744E616D6573706163653D22687474703A2F2F7777772E61637469766974692E6F72672F74657374223E0A20203C70726F636573732069643D226C6561766522206E616D653D226C6561766550726F636573732220697345786563757461626C653D2274727565223E0A202020203C73746172744576656E742069643D2273746172746576656E743122206E616D653D225374617274223E3C2F73746172744576656E743E0A202020203C656E644576656E742069643D22656E646576656E743122206E616D653D22456E64223E3C2F656E644576656E743E0A202020203C757365725461736B2069643D22757365727461736B3122206E616D653D22E8AFB7E58187E794B3E8AFB7222061637469766974693A61737369676E65653D226B657368616F223E3C2F757365725461736B3E0A202020203C757365725461736B2069643D22757365727461736B3222206E616D653D22E8AFB7E58187E5AEA1E689B9222061637469766974693A6173796E633D2274727565222061637469766974693A61737369676E65653D227669636B79223E3C2F757365725461736B3E0A202020203C73657175656E6365466C6F772069643D22666C6F77312220736F757263655265663D2273746172746576656E743122207461726765745265663D22757365727461736B31223E3C2F73657175656E6365466C6F773E0A202020203C73657175656E6365466C6F772069643D22666C6F77322220736F757263655265663D22757365727461736B3122207461726765745265663D22757365727461736B32223E3C2F73657175656E6365466C6F773E0A202020203C73657175656E6365466C6F772069643D22666C6F77332220736F757263655265663D22757365727461736B3222207461726765745265663D22656E646576656E7431223E3C2F73657175656E6365466C6F773E0A20203C2F70726F636573733E0A20203C62706D6E64693A42504D4E4469616772616D2069643D2242504D4E4469616772616D5F6C65617665223E0A202020203C62706D6E64693A42504D4E506C616E652062706D6E456C656D656E743D226C65617665222069643D2242504D4E506C616E655F6C65617665223E0A2020202020203C62706D6E64693A42504D4E53686170652062706D6E456C656D656E743D2273746172746576656E7431222069643D2242504D4E53686170655F73746172746576656E7431223E0A20202020202020203C6F6D6764633A426F756E6473206865696768743D2233352E30222077696474683D2233352E302220783D223531352E302220793D2233302E30223E3C2F6F6D6764633A426F756E64733E0A2020202020203C2F62706D6E64693A42504D4E53686170653E0A2020202020203C62706D6E64693A42504D4E53686170652062706D6E456C656D656E743D22656E646576656E7431222069643D2242504D4E53686170655F656E646576656E7431223E0A20202020202020203C6F6D6764633A426F756E6473206865696768743D2233352E30222077696474683D2233352E302220783D223531352E302220793D223436302E30223E3C2F6F6D6764633A426F756E64733E0A2020202020203C2F62706D6E64693A42504D4E53686170653E0A2020202020203C62706D6E64693A42504D4E53686170652062706D6E456C656D656E743D22757365727461736B31222069643D2242504D4E53686170655F757365727461736B31223E0A20202020202020203C6F6D6764633A426F756E6473206865696768743D2235352E30222077696474683D223130352E302220783D223438302E302220793D223137302E30223E3C2F6F6D6764633A426F756E64733E0A2020202020203C2F62706D6E64693A42504D4E53686170653E0A2020202020203C62706D6E64693A42504D4E53686170652062706D6E456C656D656E743D22757365727461736B32222069643D2242504D4E53686170655F757365727461736B32223E0A20202020202020203C6F6D6764633A426F756E6473206865696768743D2235352E30222077696474683D223130352E302220783D223438302E302220793D223331302E30223E3C2F6F6D6764633A426F756E64733E0A2020202020203C2F62706D6E64693A42504D4E53686170653E0A2020202020203C62706D6E64693A42504D4E456467652062706D6E456C656D656E743D22666C6F7731222069643D2242504D4E456467655F666C6F7731223E0A20202020202020203C6F6D6764693A776179706F696E7420783D223533322E302220793D2236352E30223E3C2F6F6D6764693A776179706F696E743E0A20202020202020203C6F6D6764693A776179706F696E7420783D223533322E302220793D223137302E30223E3C2F6F6D6764693A776179706F696E743E0A2020202020203C2F62706D6E64693A42504D4E456467653E0A2020202020203C62706D6E64693A42504D4E456467652062706D6E456C656D656E743D22666C6F7732222069643D2242504D4E456467655F666C6F7732223E0A20202020202020203C6F6D6764693A776179706F696E7420783D223533322E302220793D223232352E30223E3C2F6F6D6764693A776179706F696E743E0A20202020202020203C6F6D6764693A776179706F696E7420783D223533322E302220793D223331302E30223E3C2F6F6D6764693A776179706F696E743E0A2020202020203C2F62706D6E64693A42504D4E456467653E0A2020202020203C62706D6E64693A42504D4E456467652062706D6E456C656D656E743D22666C6F7733222069643D2242504D4E456467655F666C6F7733223E0A20202020202020203C6F6D6764693A776179706F696E7420783D223533322E302220793D223336352E30223E3C2F6F6D6764693A776179706F696E743E0A20202020202020203C6F6D6764693A776179706F696E7420783D223533322E302220793D223436302E30223E3C2F6F6D6764693A776179706F696E743E0A2020202020203C2F62706D6E64693A42504D4E456467653E0A202020203C2F62706D6E64693A42504D4E506C616E653E0A20203C2F62706D6E64693A42504D4E4469616772616D3E0A3C2F646566696E6974696F6E733E, '0');
INSERT INTO `act_ge_bytearray` VALUES ('12503', '1', 'diagrams/leave.png', '12501', 0x89504E470D0A1A0A0000000D494844520000037A000001F40802000000E414C8AE0000217649444154789CEDDD6D6C5DF57DC0716B85E1A14DF5B46EB1F6865BED057EB1616BAD94BC5A1CA4614FDA8AA521E2ED457AA54910548DA269EACC26605AC9A26965D1D4A2746B99B589CD5315B054605921CCCB02F520248110300F01B721D4100297C5496E1C3B3E3BBE37DCF85E3FF0FF175F9D13EEE7A39F22C7B94F87A3F3E32B3BB96E4B0000A069DAB27E0100007C9AC94D00009A486E0200D0447213008026929B00003491DC0400A089E42600004D243701006822B909004013C94D00009A486E0200D0447213008026929B00003491DC0400A089E42600004D243701006822B909004013C94D00009A486E0200D0447213008026929B00003491DC0400A089E42600004D243701006822B909004013C94D00009A486E0200D0447213008026929B00003491DC04E0E395CBE5D1D1D17BEEB9676060A0F723FDFDFDE9674646464AA552D62F10C82FB909C06AD2CA4CB3B2BDBD3D0DCD342E77ED7AE8893D4F56E791471FBBEBAEBB0707073B3A3A366CD8303C3C9CF58B05F2486E02B0BC43870EF5F6F6A6959966E5F9D9B9D567DF534F6FD9F2E59E9E9EB1B1B1AC5F38902F721380656CDFBE3D6DC727F63CF9B1A1B978F63F7760E3C68D5BB76E2D97CB591F0190177213803A69290E0E0E0E0D0D4585E6E2F9D6FDF7F7F6F64E4D4D657D28402EC84D002E495B73C3860D2323233F756BD6BEB79E3ECEE4E464D60704644F6E0270C9E0E0E0276FCDDA37D6D3E2F45D75406E0270D1F6EDDB3FC9F7D097CEAE5D0F0D0C0C647D5840C6E426000B0E1D3AD4D3D3B386AD599D5B6EB975E7CE9D591F1C9025B909C082B435F73F7760CD73F3D85BC7AFB9A6E05BEAD0CAE426000BEFE53E3030B0E6AD599DDB6FFFEA8E1D3BB23E442033721380A4B7B737F62D36A3BEC0D9D9D999F5210299919B00ADAE542A75747434A935ABB37EFDFAF1F1F1AC0F14C886DC046875C3C3C3C562B1A9B979EFB66D434343591F28900DB909D0EAB66EDDBA73E7CEA6E6E6137B9EECEDEDCDFA40816CC84D8056D7DFDFFFC8A38F3535375F3F7AF49A6B0A591F28900DB909D0EA9AF416488BE7D4F4E9F6F6F6AC0F14C886DC0468759D9D9DC7DE3ADED4DC4CA7ADCDFF71A045B9F8015A5D5757D78B478EC84DA0495CFC00ADAEA96FBAE9EF6E027213A0D5158BC5EF3EF040537373DF534FAF5FBF3EEB0305B22137015ADD8E1D3B6EBFFDAB4DCDCD3467B76CF972D6070A64436E02B4BAC9C9C942A1D0D4DCECEBEBDBBD7B77D6070A64436E02D0DC7F2D746AFA74474747B95CCEFA28816CC84D009AFBFDF46FDC775FFAE0591F229019B90940522E970B854233DE7DF3D4F4E96BAE294C4D4D657D884066E426000B4646466EDEBCD997368135273701B8E84B37DEB86BD7436BD89A2F1E39D2DDDD7D6AFA74D6470664496E027051A9545ABF7EFD5AFD9BA113EF9D4C5BF3F5A347B33E2C20637213804B262626D2E24C1BF193B7E6976EBCF191471FCBFA8080ECC94D00EA1C3A74A8BBBB7BDF534F7F92EFA1A7CDAA35812AB90940A352A9B471E3C6BBEEBAFBC47B27A342F3D4F4E96FDC775FF53BF2591F0490177213806594CBE53437AFBDB62BCDC73422435AF3BB0F3C90DEFEF6DBBF9A466AD62F1FC811B909C08AA6A6A6EEB8E38E8E8E8E2FDD78635A93FB9F3BD09098E9671E7CF05F6FDEBC39BDCD962D5F9E9C9CCCFA2503B9233701F818E572797474B4582C767777B7D54B3F93B6E6C8C848A954CAFA6502392537018896A667D62F01B86CC84D00A2B5B5F9DF0710CABE00209ADC04C2D9170044939B4038FB028068721308675F00104D6E02E1EC0B00A2C94D209C7D014034B90984B32F008826378170F60500D1E42610CEBE00209ADC04C2D9170044939B4038FB028068721308675F00104D6E02E1EC0B00A2C94D209C7D014034B90984B32F008826378170F60500D1E42610CEBE00209ADC04C2D9170044939B4038FB028068721308675F00104D6E02E1EC0B00A2C94D209C7D014034B90984B32F008826378170F60500D1E42610CEBE00209ADC04C2D9170044939B4038FB028068721308675F00104D6E02E1EC0B00A2C94D209C7D014034B90984B32F008826378170F60500D1E42610CEBE00209ADC04C2D9170044939B4038FB028068721308675F00104D6E02E1EC0B00A2C94D209C7D014034B90984B32F008826378170F60500D1E42610CEBE00209ADC04C2D9170044939B4038FB028068721308675F00104D6E02E1EC0B00A2C94D209C7D014034B90984B32F008826378170F60500D1E42610CEBE00209ADC04C2D9170044939B4038FB028068721308675F00104D6E02E1EC0B00A2C94D209C7D014034B90984B32F008826378170F60500D1E42610CEBE00209ADC04C2D9170044939B4038FB028068721308675F00104D6E02E1EC0B00A2C94D209C7D014034B90984B32F008826378170F60500D1E42610CEBE00209ADC04C2D9170044939B4038FB028068721308675F00104D6E02E1EC0B00A2C94D209C7D014034B90984B32F008826378170F60500D1E42610CEBE00209ADC04C2D9170044939B4038FB028068721308675F00104D6E02E1EC0B00A2C94D209C7D014034B90984B32F008826378170F60500D1E42610CEBE00209ADC04C2D9170044939B4038FB028068721308675F00104D6E02E1EC0B00A2C94D209C7D014034B90984B32F008826378170F60500D1E42610CEBE00209ADC04C2D9170044939B4038FB028068721308675F00104D6E02E1EC0B00A2C94D209C7D014034B90984B32F00083232329256667B7B7B4F4F4FFA41676767FAEBD5575F3D313191F54B03724D6E0210E4E1871F6E5B62D3A64DA3A3A359BF3420D7E4260041CAE5F255575DB5B835AFBBEEBACECECE52A994F54B03724D6E0210EACE3BEFBCE28A2B6AB979DB6DB70D0D0D65FDA280BC939B004458B76E5DB535376FDE5C2814CAE572D6AF08C83BB9094084BD7BF75E79E595696EF6F7F7FB5B9B4008B909409CEBAFBFBE9A9B59BF10E0F22037018833353595E6A6F73F0202C94D00A2799B77209C7D0170D92897CB232323838383BDBDBD854261E9BB60B688F4D8D3FF02030303C3C3C3DE8609F24F6E025C1E76EFDE9D6656DA9A0F3EF8E0137BF6BC7EF4E8F9D9D9D69CF4D8D3FF02BB76EDDAB2654BFADF248DCEAC4F0EB01AB9099077A552A9582CF6F5F51D7BEBD8F9D9F366F19C78EF441A9DE97F9CA9A9A9AC4F14B03CB909906B696BF6F4F47CF781EF9C9F9D312BCD238F3EB27EFDFAC9C9C9AC4F17B00CB909906BC562B1D29AE7CCEAF3C49EC7376EFCADAC4F17B00CB909905FBB77EFEEEBBB6176AE6C42E66B7FF6A7DBB67D3DEB930634929B0039552E970B85C25BC72767E7CE9A90993EFD4177F775DE1014F2466E02E4D4F0F070B1589C9D3B539B4DFDBF1BF856418BEFD552B36DDB5F0D0D0D657DEA803A721320A7060606763DF4EF975AF386BE9F24C98F2E24AFCD262FCD24CFCF24FBA7E7763CF4E40F8E7FF8CCF9E47FCBC933E564DF99E4F173C9DFEF3B7CCBD65B332FBF4CE6B903E33D3D3D599F3AA08EDC04C8A9AEAEAE23470ECECE9DAE4E5B5BDB74929C9E4F3E9C4BDE3F9F9C49923FF9F3BBDB7EE6E737DC30707C363936931C3B974C9693D7E792EFFDF0F9CA17384FB7E04C9F3ED9DEDE9EF5A903EAC84D809CEAE8E878EFE4F1D9B9E9EAA40579E642327361E18FE6E6177EFDFE63FFF9ABBFF6EB7F71EF37E692E4D45CF2E16CF2FE6C524A92C79F7DA1929BD3AD396D7EC026E48C6B1220A72AC978AA36E96F4FCF2527CF26E72F5CBC41A954FABB6F7EFBEB7FFBCD636F2FBCC3F9EC7C72BE92A14F3FF77CC37D5B6AE426E48D6B1220A72AC9F87FB559C8CD0BC98933C93BD3C96C929C9F99E9BAF6DAB6B6CFB4B5B5DFF4075B16DF71FF81830DF76DA9919B9037AE49809CAA24E387B5A97E33FDE4D9E4ED53C9BBE792FD47DE58B76EDD67AEF8D99FFBECE706FFB02E379F7DEE40C37D5B6AE426E48D6B1220A72AC958AA4DFADBB3F3C9FBE585AF6E9E3897EC7976E237BABFF0B95FFE95CF76FCE2B7FFF97BE792647A263933B370C77DE3CF36DCB7A5466E42DEB82601722ACDA6B9B90F6A53ADA8B4383F9C4D3E389FBC7D6AF6E9C393DDBFF9C54DBFFD3BEFCE24EF949377CBC9C999240DCE7DCF3CDB70DF961AB90979E39A04C8A98664ECDDB4F185975FDB7F7862FCD0C45307269E3AF8EAD32F1CFDAF675EFAE1E137F71E78F57F0EBCF2D4C157C69F7FF5F06B3FBEFF1F1EB879F3CD99679FDC04AA5C93003955C9CDF717CF57BE726BC88F14FAFD9B6E6AB8634B8DDC84BC714D02E45425374F9AD8919B9037AE49809C5AC8CD0BEF99D8919B9037AE49809CAAE4E609133B7213F2C63509905395DC7CD7C48EDC84BC714D02E4542537DF31B12337216F5C93003955C9CD29133B7213F2C63509905372536EC2A7836B1220A72AB9F993B59DA58FB9D2B3443DFBB2370E7FAE353FC6AC4F1D50C73509905369365DB8F0F69A4FF561577A8BF8C5375BFCC9656FD3F0983FF573ADF901667DEA803AAE49809CAA04D9F166CFB2CF52FDE4E25F97DE7E951F6B14F55CCD38A2AC4F1D50C73509905395387BAB79B35C265EFAA3865F1BFEA8E1F32B7D1CF25CCD38AEAC4F1D50C73509905395263BB6B6F351EAD57D66A5DB2C4AC363F5A5D878C7653F0E79AE668CDC84BC714D02E45425CE7EBCE6537DD895BF0F5E779BD51F67F507097CAE661C60D6A70EA8E39A04C8A9A6E6E6D29A5C25131B9271A5DBAFF2F12ACF2537E153CF350990539526FBD19A4FED6197FB7263DD6D967E66D90F423E5EE5B99A7180599F3AA08E6B1220A7169A6C7E72CDA7F6B00D8FBFF8B7D58F2FA5E172F75AE95BE44B1F67F5E76AC601667DEA803AAE49809CAA34D99B6B3EB5875D2E13EB6ED3F00296BD4DE0C7AB3C57330E30EB5307D4714D02E454A5C9DE58F3F9A8F6DE6878FCC5BF5D7A8365EFB2EC7D639FAB190798F5A903EAB8260172AAD26447D77C6A0FBBF8F13FEAC2BADBAC74CB551EF3A778AE661C60D6A70EA8E39A04C8A94A93BD6E62476E42DEB8260172AA929BAF99D8919B9037AE49809C929B72133E1D5C9300399566D3FCFCAB2676E426E48D6B1220A72AB9F98A891DB90979E39A04C8A94A6E4E98D8919B9037AE49809CAAE4E6CB2676E426E48D6B1220A7DADBDBCF9E3D383FFF92891AB90979E39A04C8A942A1F0E69B3F989F3F62A2466E42DEB8260172AABFBFFF3F76EF9C4F5E34E1F3F2C4F7BBBABAB23E75401DB9099053DBB76F1F1AFAA3CC03EEF29A7F1ABEB7582C667DEA803A721320A7262727BBBA3E7FB6BC7F3E396C026760E0FAD1D1D1AC4F1D50476E02E4D73D0BB6CE272F9890F9B791BF191CECCFFAA4018DE426407E95CBE5DEDE2F8E8FFF4B923C6F569FA9A93D5D5D9F2F95F6657DD28046721320D72626267A7AAE9D98184D924366A5495B33EDF2B1B1EF647DBA8065C84D80BC1B1F1F4F8B73FBF63F4E928366E98C8EDED7D555181BFBC7AC4F14B03CB90970192897CB4343C5DEDE2F0C0FFFE5D4D4E34972C0944AFF3D32F2D783837D0303BDE9C7599F2260457213E0B2313636562CFE5E67E72FB5D1D6D6D1F10B838337A4C599F569013E86DC04209AF7B604C2C94D00A2B5F941914030FB028068721308675F00104D6E02E1EC0B00A2C94D209C7D014034B90984B32F008826378170F60500D1E42610CEBE00209ADC04C2D9170044939B4038FB028068721308675F00104D6E02E1EC0B00A2C94D209C7D014034B90984B32F008826378170F60500D1E42610CEBE00209ADC04C2D9170044939B4038FB028068721308675F00104D6E02E1EC0B00A2C94D209C7D014034B90984B32F008826378170F60500D1E42610CEBE00209ADC04C2D9170044939B4038FB028068721308675F00104D6E02E1EC0B00A2C94D209C7D014034B90984B32F008826378170F60500D1E42610CEBE00209ADC04C2D9170044939B4038FB028068721308675F00104D6E02E1EC0B00A2C94D209C7D014034B90984B32F008826378170F60500D1E42610CEBE00209ADC04C2D9170044939B4038FB028068721308675F00104D6E02E1EC0B00A2C94D209C7D014034B90984B32F008826378170F60500D1E42610CEBE00209ADC04C2D9170044939B4038FB028068721308675F00104D6E02E1EC0B00A2C94D209C7D014034B90984B32F008826378170F60500D1E42610CEBE00209ADC04C2D9170044939B4038FB028068721308675F00104D6E02E1EC0B00A2C94D209C7D014034B90984B32F008826378170F60500D1E42610CEBE00209ADC04C2D9170044939B4038FB028068721308675F00104D6E02E1EC0B00A2C94D209C7D014034B90984B32F008826378170F60500D1E42610CEBE00209ADC04C2D9170044939B4038FB028068721308675F00104D6E02E1EC0B00828C8C8CA495D9DEDEDED3D3937ED0D9D999FE7AF5D5574F4C4C64FDD2805C939B000479F8E187DB96D8B469D3E8E868D62F0DC835B909409072B97CD555572D6ECDEBAEBBAEB3B3B3542A65FDD2805C939B0084BAF3CE3BAFB8E28A5A6EDE76DB6D43434359BF2820EFE4260011D6AD5B576DCDCD9B37170A8572B99CF52B02F24E6E021061EFDEBD575E79659A9BFDFDFDFED62610426E0210E7FAEBAFAFE666D62F04B83CC84D00E24C4D4DA5B9E9FD8F804072138068DEE61D08675F005C36CAE5F2C8C8C8E0E0606F6F6FA15058FA2E982D223DF6F4BFC0C0C0C0F0F0B0B76182FC939B009787DDBB77A79995B6E6830F3EF8C49E3DAF1F3D7A7E76B635273DF6F4BFC0AE5DBBB66CD992FE3749A333EB9303AC466E02E45DA9542A168B7D7D7DC7DE3A767EF6BC593C27DE3B914667FA1F676A6A2AEB13052C4F6E02E45ADA9A3D3D3DDF7DE03BE76767CC4AF3C8A38FAC5FBF7E727232EBD3052C436E02E45AB158ACB4E639B3FA3CB1E7F18D1B7F2BEBD3052C436E02E4D7EEDDBBFBFA6E989D2B9B90F9DA9FFDE9B66D5FCFFAA4018DE426404E95CBE542A1F0D6F1C9D9B9B32664A64F7FD0DD7D9D370485BC919B0039353C3C5C2C1667E7CED46653FFEF06BE55D0E27BB5D46CDBF657434343599F3AA08EDC04C8A98181815D0FFDFBA5D6BCA1EF2749F2A30BC96BB3C94B33C9F333C9FEE9B91D0F3DF983E31F3E733EF9DF72F24C39D9772679FC5CF2F7FB0EDFB2F5D6CCCB2F9379EEC0784F4F4FD6A70EA823370172AAABABEBC89183B373A7ABD3D6D6369D24A7E7930FE792F7CF276792E44FFEFCEEB69FF9F90D370C1C9F4D8ECD24C7CE2593E5E4F5B9E47B3F7CBEF205CED32D38D3A74FB6B7B7677DEA803A721320A73A3A3ADE3B797C766EBA3A69419EB990CC5C58F8A3B9F9855FBFFFD87FFEEAAFFDFA5FDCFB8DB9243935977C389BBC3F9B9492E4F1675FA8E4E6746B4E9B1FB00939E39A04C8A94A329EAA4DFADBD373C9C9B3C9F90B176F502A95FEEE9BDFFEFADF7EF3D8DB0BEF703E3B9F9CAF64E8D3CF3DDF70DF961AB90979E39A04C8A94A32FE5F6D1672F34272E24CF2CE74329B24E76766BAAEBDB6ADED336D6DED37FDC196C577DC7FE060C37D5B6AE426E48D6B1220A72AC9F8616DAADF4C3F793679FB54F2EEB964FF9137D6AD5BF7992B7EF6E73EFBB9C13FACCBCD679F3BD070DF961AB90979E39A04C8A94A32966A93FEF6EC7CF27E79E1AB9B27CE257B9E9DF88DEE2F7CEE977FE5B31DBFF8ED7FFEDEB924999E49CECC2CDC71DFF8B30DF76DA9919B9037AE49809C4AB3696EEE83DA542B2A2DCE0F67930FCE276F9F9A7DFAF064F76F7E71D36FFFCEBB33C93BE5E4DD72727226498373DF33CF36DCB7A5466E42DEB8260172AA21197B376D7CE1E5D7F61F9E183F34F1D48189A70EBEFAF40B47FFEB99977E78F8CDBD075EFD9F03AF3C75F095F1E75F3DFCDA8FEFFF87076EDE7C73E6D92737812AD724404E5572F3FDC5F395AFDC1AF223857EFFA69B1AEED8522337216F5C93003955C9CD932676E426E48D6B1220A71672F3C27B2676E426E48D6B1220A72AB979C2C48EDC84BC714D02E4542537DF35B12337216F5C93003955C9CD774CECC84DC81BD724404E557273CAC48EDC84BC714D02E494DC949BF0E9E09A04C8A94A6EFE646D67E963AEF42C51CFFEB10FB2F483E68DDC84BC714D02E4549A4D172EBCBDE6537DD895DE227EF1CD167F7295DFAEF238AB7CD0BC919B9037AE49809CAA94D9F166CFB2CF52FDE4E25F97FDA38F7DCC900F9A7144599F3AA08E6B1220A72A41F656F366B92F495EFAA3865F1BFE68E943ADF2F88B6FB0F483661C57D6A70EA8E39A04C8A94A901D5BDBF9A8FFEA3EB3D26D16F5E2A58F6BB75FF53BE98D0FDEF0A7CD38B4C54F9AF5A903EAB8260172AAD2643F5EF3A93EECCAA558779B8F7D9CC08F177FD0A4E35AFCA4599F3AA08E6B1220A79A9A9B4B6B7269262E6ED0659374F5665D1C972B3DA9DC8456E09A04C8A94A99FD68CDA7F6B0CB6562DD6D967E66D90F56B9E5EAF76AD2C84DC81BD724404E2D94D9FCE49A4FED611B1E7FF16FAB1F5FCAD0E5EEB5DA5737577EAE261D54C381647DEA803AAE49809CAA94D99B6B3EB5875D2E13EB6ED3F00296BD4DE0C7B5076CF84C930E30EB5307D4714D02E45425C8DE58F3F9A8F9DE6878FCC5BF5D7A8365EFB2EC7D97FDFCD2276DD2D1551F39EB5307D4714D02E45425C88EAEF9D41E76F1E37F948375B759E996AB3C66C3275779AE261D5DF5F1B33E75401DD724404E5582EC75133B7213F2C63509905395DC7CCDC48EDC84BC714D02E494DC949BF0E9E09A04C8A9349BE6E75F35B12337216F5C93003955C9CD574CECC84DC81BD724404E557273C2C48EDC84BC714D02E45425375F36B12337216F5C930039D5DEDE7EF6ECC1F9F9974CD4C84DC81BD724404E150A8537DFFCC1FCFC1113357213F2C635099053FDFDFDFFB17BE77CF2A2099F9727BEDFD5D595F5A903EAC84D809CDABE7DFBD0D01F651E7097D7FCD3F0BDC56231EB5307D4919B0039353939D9D5F5F9B3E5FDF3C96113380303D78F8E8E667DEA803A721320BFEE59B0753E79C184CCBF8DFCCDE0607FD6270D68243701F2AB5C2EF7F67E717CFC5F92E479B3FA4C4DEDE9EAFA7CA9B42FEB930634929B00B9363131D1D373EDC4C468921C322B4DDA9A69978F8D7D27EBD3052C436E02E4DDF8F8785A9CDBB7FF71921C344B6774F4BEAEAEC2D8D83F667DA280E5C94D80CB40B95C1E1A2AF6F67E6178F82FA7A61E4F9203A654FAEF9191BF1E1CEC1B18E84D3FCEFA14012B929B00978DB1B1B162F1F73A3B7FA98DB6B68E8E5F181CBC212DCEAC4F0BF031E42600D1BCB725104E6E0210ADCD0F8A0482D9170044939B4038FB028068721308675F00104D6E02E1EC0B00A2C94D209C7D014034B90984B32F008826378170F60500D1E42610CEBE00209ADC04C2D9170044939B4038FB028068721308675F00104D6E02E1EC0B00A2C94D209C7D014034B90984B32F008826378170F60500D1E42610CEBE00209ADC04C2D9170044939B4038FB028068721308675F00104D6E02E1EC0B00A2C94D209C7D014034B90984B32F008826378170F60500D1E42610CEBE00209ADC04C2D9170044939B4038FB028068721308675F00104D6E02E1EC0B00A2C94D209C7D014034B90984B32F008826378170F60500D1E42610CEBE00209ADC04C2D9170044939B4038FB028068721308675F00104D6E02E1EC0B00A2C94D209C7D014034B90984B32F008826378170F60500D1E42610CEBE00209ADC04C2D9170044939B4038FB028068721308675F00104D6E02E1EC0B00A2C94D209C7D014034B90984B32F008826378170F60500D1E42610CEBE00209ADC04C2D9170044939B4038FB028068721308675F00104D6E02E1EC0B00A2C94D209C7D014034B90984B32F008826378170F60500D1E42610CEBE00209ADC04C2D9170044939B4038FB028068721308675F00104D6E02E1EC0B00A2C94D209C7D014034B90984B32F008826378170F60500D1E42610CEBE00209ADC04C2D9170044939B4038FB028068721308675F00104D6E02E1EC0B00A2C94D209C7D014034B90984B32F008826378170F60500D1E42610CEBE00209ADC04C2D9170044939B4038FB028068721308675F00104D6E02E1EC0B00A2C94D209C7D014034B90984B32F008826378170F60500D1E42610CEBE00209ADC04C2D9170044939B4038FB028068721308675F00104D6E02E1EC0B00A2C94D209C7D014090919191B432DBDBDB7B7A7AD20F3A3B3BD35FAFBEFAEA898989AC5F1A906B721380200F3FFC70DB129B366D1A1D1DCDFAA501B926370108522E97AFBAEAAAC5AD79DD75D7757676964AA5AC5F1A906B7213805077DE79E715575C51CBCDDB6EBB6D686828EB1705E49DDC0420C2BA75EBAAADB979F3E642A1502E97B37E4540DEC94D0022ECDDBBF7CA2BAF4C73B3BFBFDFDFDA0442C84D00E25C7FFDF5D5DCCCFA85009707B909409CA9A9A93437BDFF1110486E0210CDDBBC03E1EC0B003E5EB95C1E1D1DBDE79E7B0606067A3FD2DFDF9F7E667878786A6A2AEB1708E497DC0460356965A689B9F40DDE1BF4F4F4ECDCB9D33F540796929B002C6F6C6C6CC3860D1F1B9A8B150A05FF5C1D6820370168542E978BC5E2D2AF5F7EED6B7FB66BD7434FEC79B23677DD75775F5F5FC32D070606FCA821A0466E0250676A6AAAE18B9AB7DFFED5D78F1E3D3F3BB7D29C78EFE4B7EEBFBFB3B373F197390F1D3A94F5A100B9203701B8647272322DC55A35F6F7F7AF1E9A0DD179D75D77D7EEDBDEDE3E3E3E9EF50101D9939B005C542E97177F5DF3DE6DDB024373F13CF8E0BFA6A159FB1AA77FB40EC84D002E1A1C1CACB5E6AE5D0FFD14AD599DFDCF1DE8E8E8A83E4E6F6F6FD68705644C6E02B0607474F4137E5D73F13CF2E863B547DBB16347D6070764496E02B0A0A7A7A7F6F7353F616B56A7F6F7383B3B3BBD1F27B432B9094032323252FBF73DC7DE3ABE26B9796AFA74EDDFAADF71C71D591F229019B90940D2DBDB5B7BCFA33569CDEA7CF78107AA0FDBD1D191F5210299919B00ADAE542AD5FE9EE55A7D69B336D75C73F16D95C6C6C6B23E50201B7213A0D50D0F0FD7FE15F9DAB6663AB7DC726BF5C1878686B23E50201B7213A0D56DDDBA75ADFE41FAD27962CF93D507DFB06143D6070A64436E02B4BAFEFEFE6A113EF2E8636B9E9BAF1F3D5A7BCBF7AC0F14C886DC046875B5B740DAFFDC8135CFCD746A7F3134EB0305B2E1E2076875B5B72B0AFFF1E851537BFCAC0F14C8868B1FA0D57575755573F0C523479A919BB51FA19EF58102D970F103B4BADA9B6E3EB1E7C9356FCD13EF9DF4D69BD0E2E42640AB2B168BD522FCD6FDF7AF796EBE78E448F5C17B7A7AB23E50201B7213A0D56DDFBEBD5A845BB67C79CD73F3DE6DDBAA0F3E383898F58102D9909B00AD6E6262A2F6FDEE53D3A7D73637376EDC587DF0E1E1E1AC0F14C886DC042029142EFEA8C95DBB1E5AC3D6ACBDE966AA542A657D944036E42600C9D0D050350ABBBBBBD7F00B9C5FBAF1C6EAC30E0C0C647D884066E4260049A954AABD3BE65AFD28CB7D4F3D5DFBD2E6A14387B23E442033721380053B76ECA8A6617B7BFB277F47A4D78F1EADF5EBD6AD5BB33E38204B7213808B366CD8500DC4B4143FC94F183A357DBABBBBBBF650535353591F199025B909C0459393931D1D1DB54CFCE97E84FAB1B78ED75AB3BDBD7D6C6C2CEBC30232263701B824ADC3DA5FB84C6331F68DDFF73DF574ED7BE8A91D3B76647D4040F6E42600754647476B5FE3ACFE5BF5471E7D2CE48B9A376FDEDCB688D604AAE426008D262626BABABA16B7631A9D77DD75F78B478E2CADCC6FDD7F7F5F5FDFE21BA7B5EA7BE8408DDC046019A552E99E7BEE696F6F6F5BCEFAF5EB57FAA3C1C141FF3608584C6E02B0A2341C8BC5E2B259B9546F6FEFF8F878D62F19C81DB909C0C72897CB2323236977F6F4F4342466A150181818D8B973A7AF68022B919B00003491DC0400A089E42600004D243701006822B909004013FD3F556BFA02D42872DA0000000049454E44AE426082, '0');
INSERT INTO `act_ge_bytearray` VALUES ('15002', '1', 'diagrams/leave.bpmn', '15001', 0x3C3F786D6C2076657273696F6E3D22312E302220656E636F64696E673D225554462D38223F3E0A3C646566696E6974696F6E7320786D6C6E733D22687474703A2F2F7777772E6F6D672E6F72672F737065632F42504D4E2F32303130303532342F4D4F44454C2220786D6C6E733A7873693D22687474703A2F2F7777772E77332E6F72672F323030312F584D4C536368656D612D696E7374616E63652220786D6C6E733A7873643D22687474703A2F2F7777772E77332E6F72672F323030312F584D4C536368656D612220786D6C6E733A61637469766974693D22687474703A2F2F61637469766974692E6F72672F62706D6E2220786D6C6E733A62706D6E64693D22687474703A2F2F7777772E6F6D672E6F72672F737065632F42504D4E2F32303130303532342F44492220786D6C6E733A6F6D6764633D22687474703A2F2F7777772E6F6D672E6F72672F737065632F44442F32303130303532342F44432220786D6C6E733A6F6D6764693D22687474703A2F2F7777772E6F6D672E6F72672F737065632F44442F32303130303532342F44492220747970654C616E67756167653D22687474703A2F2F7777772E77332E6F72672F323030312F584D4C536368656D61222065787072657373696F6E4C616E67756167653D22687474703A2F2F7777772E77332E6F72672F313939392F585061746822207461726765744E616D6573706163653D22687474703A2F2F7777772E61637469766974692E6F72672F74657374223E0A20203C70726F636573732069643D226C6561766522206E616D653D226C6561766550726F636573732220697345786563757461626C653D2274727565223E0A202020203C73746172744576656E742069643D2273746172746576656E743122206E616D653D225374617274223E3C2F73746172744576656E743E0A202020203C656E644576656E742069643D22656E646576656E743122206E616D653D22456E64223E3C2F656E644576656E743E0A202020203C757365725461736B2069643D22757365727461736B3122206E616D653D22E8AFB7E58187E794B3E8AFB7222061637469766974693A61737369676E65653D226B657368616F223E3C2F757365725461736B3E0A202020203C757365725461736B2069643D22757365727461736B3222206E616D653D22E8AFB7E58187E5AEA1E689B9222061637469766974693A6173796E633D2274727565222061637469766974693A61737369676E65653D227669636B79223E3C2F757365725461736B3E0A202020203C73657175656E6365466C6F772069643D22666C6F77312220736F757263655265663D2273746172746576656E743122207461726765745265663D22757365727461736B31223E3C2F73657175656E6365466C6F773E0A202020203C73657175656E6365466C6F772069643D22666C6F77322220736F757263655265663D22757365727461736B3122207461726765745265663D22757365727461736B32223E3C2F73657175656E6365466C6F773E0A202020203C73657175656E6365466C6F772069643D22666C6F77332220736F757263655265663D22757365727461736B3222207461726765745265663D22656E646576656E7431223E3C2F73657175656E6365466C6F773E0A20203C2F70726F636573733E0A20203C62706D6E64693A42504D4E4469616772616D2069643D2242504D4E4469616772616D5F6C65617665223E0A202020203C62706D6E64693A42504D4E506C616E652062706D6E456C656D656E743D226C65617665222069643D2242504D4E506C616E655F6C65617665223E0A2020202020203C62706D6E64693A42504D4E53686170652062706D6E456C656D656E743D2273746172746576656E7431222069643D2242504D4E53686170655F73746172746576656E7431223E0A20202020202020203C6F6D6764633A426F756E6473206865696768743D2233352E30222077696474683D2233352E302220783D223531352E302220793D2233302E30223E3C2F6F6D6764633A426F756E64733E0A2020202020203C2F62706D6E64693A42504D4E53686170653E0A2020202020203C62706D6E64693A42504D4E53686170652062706D6E456C656D656E743D22656E646576656E7431222069643D2242504D4E53686170655F656E646576656E7431223E0A20202020202020203C6F6D6764633A426F756E6473206865696768743D2233352E30222077696474683D2233352E302220783D223531352E302220793D223436302E30223E3C2F6F6D6764633A426F756E64733E0A2020202020203C2F62706D6E64693A42504D4E53686170653E0A2020202020203C62706D6E64693A42504D4E53686170652062706D6E456C656D656E743D22757365727461736B31222069643D2242504D4E53686170655F757365727461736B31223E0A20202020202020203C6F6D6764633A426F756E6473206865696768743D2235352E30222077696474683D223130352E302220783D223438302E302220793D223137302E30223E3C2F6F6D6764633A426F756E64733E0A2020202020203C2F62706D6E64693A42504D4E53686170653E0A2020202020203C62706D6E64693A42504D4E53686170652062706D6E456C656D656E743D22757365727461736B32222069643D2242504D4E53686170655F757365727461736B32223E0A20202020202020203C6F6D6764633A426F756E6473206865696768743D2235352E30222077696474683D223130352E302220783D223438302E302220793D223331302E30223E3C2F6F6D6764633A426F756E64733E0A2020202020203C2F62706D6E64693A42504D4E53686170653E0A2020202020203C62706D6E64693A42504D4E456467652062706D6E456C656D656E743D22666C6F7731222069643D2242504D4E456467655F666C6F7731223E0A20202020202020203C6F6D6764693A776179706F696E7420783D223533322E302220793D2236352E30223E3C2F6F6D6764693A776179706F696E743E0A20202020202020203C6F6D6764693A776179706F696E7420783D223533322E302220793D223137302E30223E3C2F6F6D6764693A776179706F696E743E0A2020202020203C2F62706D6E64693A42504D4E456467653E0A2020202020203C62706D6E64693A42504D4E456467652062706D6E456C656D656E743D22666C6F7732222069643D2242504D4E456467655F666C6F7732223E0A20202020202020203C6F6D6764693A776179706F696E7420783D223533322E302220793D223232352E30223E3C2F6F6D6764693A776179706F696E743E0A20202020202020203C6F6D6764693A776179706F696E7420783D223533322E302220793D223331302E30223E3C2F6F6D6764693A776179706F696E743E0A2020202020203C2F62706D6E64693A42504D4E456467653E0A2020202020203C62706D6E64693A42504D4E456467652062706D6E456C656D656E743D22666C6F7733222069643D2242504D4E456467655F666C6F7733223E0A20202020202020203C6F6D6764693A776179706F696E7420783D223533322E302220793D223336352E30223E3C2F6F6D6764693A776179706F696E743E0A20202020202020203C6F6D6764693A776179706F696E7420783D223533322E302220793D223436302E30223E3C2F6F6D6764693A776179706F696E743E0A2020202020203C2F62706D6E64693A42504D4E456467653E0A202020203C2F62706D6E64693A42504D4E506C616E653E0A20203C2F62706D6E64693A42504D4E4469616772616D3E0A3C2F646566696E6974696F6E733E, '0');
INSERT INTO `act_ge_bytearray` VALUES ('15003', '1', 'diagrams/leave.png', '15001', 0x89504E470D0A1A0A0000000D494844520000037A000001F40802000000E414C8AE0000217649444154789CEDDD6D6C5DF57DC0716B85E1A14DF5B46EB1F6865BED057EB1616BAD94BC5A1CA4614FDA8AA521E2ED457AA54910548DA269EACC26605AC9A26965D1D4A2746B99B589CD5315B054605921CCCB02F520248110300F01B721D4100297C5496E1C3B3E3BBE37DCF85E3FF0FF175F9D13EEE7A39F22C7B94F87A3F3E32B3BB96E4B0000A069DAB27E0100007C9AC94D00009A486E0200D0447213008026929B00003491DC0400A089E42600004D243701006822B909004013C94D00009A486E0200D0447213008026929B00003491DC0400A089E42600004D243701006822B909004013C94D00009A486E0200D0447213008026929B00003491DC0400A089E42600004D243701006822B909004013C94D00009A486E0200D0447213008026929B00003491DC04E0E395CBE5D1D1D17BEEB9676060A0F723FDFDFDE9674646464AA552D62F10C82FB909C06AD2CA4CB3B2BDBD3D0DCD342E77ED7AE8893D4F56E791471FBBEBAEBB0707073B3A3A366CD8303C3C9CF58B05F2486E02B0BC43870EF5F6F6A6959966E5F9D9B9D567DF534F6FD9F2E59E9E9EB1B1B1AC5F38902F721380656CDFBE3D6DC727F63CF9B1A1B978F63F7760E3C68D5BB76E2D97CB591F0190177213803A69290E0E0E0E0D0D4585E6E2F9D6FDF7F7F6F64E4D4D657D28402EC84D002E495B73C3860D2323233F756BD6BEB79E3ECEE4E464D60704644F6E0270C9E0E0E0276FCDDA37D6D3E2F45D75406E0270D1F6EDDB3FC9F7D097CEAE5D0F0D0C0C647D5840C6E426000B0E1D3AD4D3D3B386AD599D5B6EB975E7CE9D591F1C9025B909C082B435F73F7760CD73F3D85BC7AFB9A6E05BEAD0CAE426000BEFE53E3030B0E6AD599DDB6FFFEA8E1D3BB23E442033721380A4B7B737F62D36A3BEC0D9D9D999F5210299919B00ADAE542A75747434A935ABB37EFDFAF1F1F1AC0F14C886DC046875C3C3C3C562B1A9B979EFB66D434343591F28900DB909D0EAB66EDDBA73E7CEA6E6E6137B9EECEDEDCDFA40816CC84D8056D7DFDFFFC8A38F3535375F3F7AF49A6B0A591F28900DB909D0EA9AF416488BE7D4F4E9F6F6F6AC0F14C886DC0468759D9D9DC7DE3ADED4DC4CA7ADCDFF71A045B9F8015A5D5757D78B478EC84DA0495CFC00ADAEA96FBAE9EF6E027213A0D5158BC5EF3EF040537373DF534FAF5FBF3EEB0305B22137015ADD8E1D3B6EBFFDAB4DCDCD3467B76CF972D6070A64436E02B4BAC9C9C942A1D0D4DCECEBEBDBBD7B77D6070A64436E02D0DC7F2D746AFA74474747B95CCEFA28816CC84D009AFBFDF46FDC775FFAE0591F229019B90940522E970B854233DE7DF3D4F4E96BAE294C4D4D657D884066E426000B4646466EDEBCD997368135273701B8E84B37DEB86BD7436BD89A2F1E39D2DDDD7D6AFA74D6470664496E027051A9545ABF7EFD5AFD9BA113EF9D4C5BF3F5A347B33E2C20637213804B262626D2E24C1BF193B7E6976EBCF191471FCBFA8080ECC94D00EA1C3A74A8BBBB7BDF534F7F92EFA1A7CDAA35812AB90940A352A9B471E3C6BBEEBAFBC47B27A342F3D4F4E96FDC775FF53BF2591F0490177213806594CBE53437AFBDB62BCDC73422435AF3BB0F3C90DEFEF6DBBF9A466AD62F1FC811B909C08AA6A6A6EEB8E38E8E8E8E2FDD78635A93FB9F3BD09098E9671E7CF05F6FDEBC39BDCD962D5F9E9C9CCCFA2503B9233701F818E572797474B4582C767777B7D54B3F93B6E6C8C848A954CAFA6502392537018896A667D62F01B86CC84D00A2B5B5F9DF0710CABE00209ADC04C2D9170044939B4038FB028068721308675F00104D6E02E1EC0B00A2C94D209C7D014034B90984B32F008826378170F60500D1E42610CEBE00209ADC04C2D9170044939B4038FB028068721308675F00104D6E02E1EC0B00A2C94D209C7D014034B90984B32F008826378170F60500D1E42610CEBE00209ADC04C2D9170044939B4038FB028068721308675F00104D6E02E1EC0B00A2C94D209C7D014034B90984B32F008826378170F60500D1E42610CEBE00209ADC04C2D9170044939B4038FB028068721308675F00104D6E02E1EC0B00A2C94D209C7D014034B90984B32F008826378170F60500D1E42610CEBE00209ADC04C2D9170044939B4038FB028068721308675F00104D6E02E1EC0B00A2C94D209C7D014034B90984B32F008826378170F60500D1E42610CEBE00209ADC04C2D9170044939B4038FB028068721308675F00104D6E02E1EC0B00A2C94D209C7D014034B90984B32F008826378170F60500D1E42610CEBE00209ADC04C2D9170044939B4038FB028068721308675F00104D6E02E1EC0B00A2C94D209C7D014034B90984B32F008826378170F60500D1E42610CEBE00209ADC04C2D9170044939B4038FB028068721308675F00104D6E02E1EC0B00A2C94D209C7D014034B90984B32F008826378170F60500D1E42610CEBE00209ADC04C2D9170044939B4038FB028068721308675F00104D6E02E1EC0B00A2C94D209C7D014034B90984B32F008826378170F60500D1E42610CEBE00209ADC04C2D9170044939B4038FB028068721308675F00104D6E02E1EC0B00A2C94D209C7D014034B90984B32F008826378170F60500D1E42610CEBE00209ADC04C2D9170044939B4038FB028068721308675F00104D6E02E1EC0B00A2C94D209C7D014034B90984B32F008826378170F60500D1E42610CEBE00209ADC04C2D9170044939B4038FB028068721308675F00104D6E02E1EC0B00A2C94D209C7D014034B90984B32F00083232329256667B7B7B4F4F4FFA41676767FAEBD5575F3D313191F54B03724D6E0210E4E1871F6E5B62D3A64DA3A3A359BF3420D7E4260041CAE5F255575DB5B835AFBBEEBACECECE52A994F54B03724D6E0210EACE3BEFBCE28A2B6AB979DB6DB70D0D0D65FDA280BC939B004458B76E5DB535376FDE5C2814CAE572D6AF08C83BB9094084BD7BF75E79E595696EF6F7F7FB5B9B4008B909409CEBAFBFBE9A9B59BF10E0F22037018833353595E6A6F73F0202C94D00A2799B77209C7D0170D92897CB232323838383BDBDBD854261E9BB60B688F4D8D3FF02030303C3C3C3DE8609F24F6E025C1E76EFDE9D6656DA9A0F3EF8E0137BF6BC7EF4E8F9D9D9D69CF4D8D3FF02BB76EDDAB2654BFADF248DCEAC4F0EB01AB9099077A552A9582CF6F5F51D7BEBD8F9D9F366F19C78EF441A9DE97F9CA9A9A9AC4F14B03CB909906B696BF6F4F47CF781EF9C9F9D312BCD238F3EB27EFDFAC9C9C9AC4F17B00CB909906BC562B1D29AE7CCEAF3C49EC7376EFCADAC4F17B00CB909905FBB77EFEEEBBB6176AE6C42E66B7FF6A7DBB67D3DEB930634929B0039552E970B85C25BC72767E7CE9A90993EFD4177F775DE1014F2466E02E4D4F0F070B1589C9D3B539B4DFDBF1BF856418BEFD552B36DDB5F0D0D0D657DEA803A721320A7060606763DF4EF975AF386BE9F24C98F2E24AFCD262FCD24CFCF24FBA7E7763CF4E40F8E7FF8CCF9E47FCBC933E564DF99E4F173C9DFEF3B7CCBD65B332FBF4CE6B903E33D3D3D599F3AA08EDC04C8A9AEAEAE23470ECECE9DAE4E5B5BDB74929C9E4F3E9C4BDE3F9F9C49923FF9F3BBDB7EE6E737DC30707C363936931C3B974C9693D7E792EFFDF0F9CA17384FB7E04C9F3ED9DEDE9EF5A903EAC84D809CEAE8E878EFE4F1D9B9E9EAA40579E642327361E18FE6E6177EFDFE63FFF9ABBFF6EB7F71EF37E692E4D45CF2E16CF2FE6C524A92C79F7DA1929BD3AD396D7EC026E48C6B1220A72AC978AA36E96F4FCF2527CF26E72F5CBC41A954FABB6F7EFBEB7FFBCD636F2FBCC3F9EC7C72BE92A14F3FF77CC37D5B6AE426E48D6B1220A72AC9F87FB559C8CD0BC98933C93BD3C96C929C9F99E9BAF6DAB6B6CFB4B5B5DFF4075B16DF71FF81830DF76DA9919B9037AE49809CAA24E387B5A97E33FDE4D9E4ED53C9BBE792FD47DE58B76EDD67AEF8D99FFBECE706FFB02E379F7DEE40C37D5B6AE426E48D6B1220A72AC958AA4DFADBB3F3C9FBE585AF6E9E3897EC7976E237BABFF0B95FFE95CF76FCE2B7FFF97BE792647A263933B370C77DE3CF36DCB7A5466E42DEB82601722ACDA6B9B90F6A53ADA8B4383F9C4D3E389FBC7D6AF6E9C393DDBFF9C54DBFFD3BEFCE24EF949377CBC9C999240DCE7DCF3CDB70DF961AB90979E39A04C8A98664ECDDB4F185975FDB7F7862FCD0C45307269E3AF8EAD32F1CFDAF675EFAE1E137F71E78F57F0EBCF2D4C157C69F7FF5F06B3FBEFF1F1EB879F3CD99679FDC04AA5C93003955C9CDF717CF57BE726BC88F14FAFD9B6E6AB8634B8DDC84BC714D02E45425374F9AD8919B9037AE49809C5AC8CD0BEF99D8919B9037AE49809CAAE4E609133B7213F2C63509905395DC7CD7C48EDC84BC714D02E4542537DF31B12337216F5C93003955C9CD29133B7213F2C63509905372536EC2A7836B1220A72AB9F993B59DA58FB9D2B3443DFBB2370E7FAE353FC6AC4F1D50C73509905369365DB8F0F69A4FF561577A8BF8C5375BFCC9656FD3F0983FF573ADF901667DEA803AAE49809CAA04D9F166CFB2CF52FDE4E25F97DE7E951F6B14F55CCD38A2AC4F1D50C73509905395387BAB79B35C265EFAA3865F1BFEA8E1F32B7D1CF25CCD38AEAC4F1D50C73509905395263BB6B6F351EAD57D66A5DB2C4AC363F5A5D878C7653F0E79AE668CDC84BC714D02E45425CE7EBCE6537DD895BF0F5E779BD51F67F507097CAE661C60D6A70EA8E39A04C8A9A6E6E6D29A5C25131B9271A5DBAFF2F12ACF2537E153CF350990539526FBD19A4FED6197FB7263DD6D967E66D90F423E5EE5B99A7180599F3AA08E6B1220A7169A6C7E72CDA7F6B00D8FBFF8B7D58F2FA5E172F75AE95BE44B1F67F5E76AC601667DEA803AAE49809CAA34D99B6B3EB5875D2E13EB6ED3F00296BD4DE0C7AB3C57330E30EB5307D4714D02E454A5C9DE58F3F9A8F6DE6878FCC5BF5D7A8365EFB2EC7D639FAB190798F5A903EAB8260172AAD26447D77C6A0FBBF8F13FEAC2BADBAC74CB551EF3A778AE661C60D6A70EA8E39A04C8A94A93BD6E62476E42DEB8260172AA929BAF99D8919B9037AE49809C929B72133E1D5C9300399566D3FCFCAB2676E426E48D6B1220A72AB9F98A891DB90979E39A04C8A94A6E4E98D8919B9037AE49809CAAE4E6CB2676E426E48D6B1220A7DADBDBCF9E3D383FFF92891AB90979E39A04C8A942A1F0E69B3F989F3F62A2466E42DEB8260172AABFBFFF3F76EF9C4F5E34E1F3F2C4F7BBBABAB23E75401DB9099053DBB76F1F1AFAA3CC03EEF29A7F1ABEB7582C667DEA803A721320A7262727BBBA3E7FB6BC7F3E396C026760E0FAD1D1D1AC4F1D50476E02E4D73D0BB6CE272F9890F9B791BF191CECCFFAA4018DE426407E95CBE5DEDE2F8E8FFF4B923C6F569FA9A93D5D5D9F2F95F6657DD28046721320D72626267A7AAE9D98184D924366A5495B33EDF2B1B1EF647DBA8065C84D80BC1B1F1F4F8B73FBF63F4E928366E98C8EDED7D555181BFBC7AC4F14B03CB90970192897CB4343C5DEDE2F0C0FFFE5D4D4E34972C0944AFF3D32F2D783837D0303BDE9C7599F2260457213E0B2313636562CFE5E67E72FB5D1D6D6D1F10B838337A4C599F569013E86DC04209AF7B604C2C94D00A2B5F941914030FB028068721308675F00104D6E02E1EC0B00A2C94D209C7D014034B90984B32F008826378170F60500D1E42610CEBE00209ADC04C2D9170044939B4038FB028068721308675F00104D6E02E1EC0B00A2C94D209C7D014034B90984B32F008826378170F60500D1E42610CEBE00209ADC04C2D9170044939B4038FB028068721308675F00104D6E02E1EC0B00A2C94D209C7D014034B90984B32F008826378170F60500D1E42610CEBE00209ADC04C2D9170044939B4038FB028068721308675F00104D6E02E1EC0B00A2C94D209C7D014034B90984B32F008826378170F60500D1E42610CEBE00209ADC04C2D9170044939B4038FB028068721308675F00104D6E02E1EC0B00A2C94D209C7D014034B90984B32F008826378170F60500D1E42610CEBE00209ADC04C2D9170044939B4038FB028068721308675F00104D6E02E1EC0B00A2C94D209C7D014034B90984B32F008826378170F60500D1E42610CEBE00209ADC04C2D9170044939B4038FB028068721308675F00104D6E02E1EC0B00A2C94D209C7D014034B90984B32F008826378170F60500D1E42610CEBE00209ADC04C2D9170044939B4038FB028068721308675F00104D6E02E1EC0B00A2C94D209C7D014034B90984B32F008826378170F60500D1E42610CEBE00209ADC04C2D9170044939B4038FB028068721308675F00104D6E02E1EC0B00A2C94D209C7D014034B90984B32F008826378170F60500D1E42610CEBE00209ADC04C2D9170044939B4038FB028068721308675F00104D6E02E1EC0B00828C8C8CA495D9DEDEDED3D3937ED0D9D999FE7AF5D5574F4C4C64FDD2805C939B000479F8E187DB96D8B469D3E8E868D62F0DC835B909409072B97CD555572D6ECDEBAEBBAEB3B3B3542A65FDD2805C939B0084BAF3CE3BAFB8E28A5A6EDE76DB6D43434359BF2820EFE4260011D6AD5B576DCDCD9B37170A8572B99CF52B02F24E6E021061EFDEBD575E79659A9BFDFDFDFED62610426E0210E7FAEBAFAFE666D62F04B83CC84D00E24C4D4DA5B9E9FD8F804072138068DEE61D08675F005C36CAE5F2C8C8C8E0E0606F6F6FA15058FA2E982D223DF6F4BFC0C0C0C0F0F0B0B76182FC939B009787DDBB77A79995B6E6830F3EF8C49E3DAF1F3D7A7E76B635273DF6F4BFC0AE5DBBB66CD992FE3749A333EB9303AC466E02E45DA9542A168B7D7D7DC7DE3A767EF6BC593C27DE3B914667FA1F676A6A2AEB13052C4F6E02E45ADA9A3D3D3DDF7DE03BE76767CC4AF3C8A38FAC5FBF7E727232EBD3052C436E02E45AB158ACB4E639B3FA3CB1E7F18D1B7F2BEBD3052C436E02E4D7EEDDBBFBFA6E989D2B9B90F9DA9FFDE9B66D5FCFFAA4018DE426404E95CBE542A1F0D6F1C9D9B9B32664A64F7FD0DD7D9D370485BC919B0039353C3C5C2C1667E7CED46653FFEF06BE55D0E27BB5D46CDBF657434343599F3AA08EDC04C8A98181815D0FFDFBA5D6BCA1EF2749F2A30BC96BB3C94B33C9F333C9FEE9B91D0F3DF983E31F3E733EF9DF72F24C39D9772679FC5CF2F7FB0EDFB2F5D6CCCB2F9379EEC0784F4F4FD6A70EA823370172AAABABEBC89183B373A7ABD3D6D6369D24A7E7930FE792F7CF276792E44FFEFCEEB69FF9F90D370C1C9F4D8ECD24C7CE2593E5E4F5B9E47B3F7CBEF205CED32D38D3A74FB6B7B7677DEA803A721320A73A3A3ADE3B797C766EBA3A69419EB990CC5C58F8A3B9F9855FBFFFD87FFEEAAFFDFA5FDCFB8DB9243935977C389BBC3F9B9492E4F1675FA8E4E6746B4E9B1FB00939E39A04C8A94A329EAA4DFADBD373C9C9B3C9F90B176F502A95FEEE9BDFFEFADF7EF3D8DB0BEF703E3B9F9CAF64E8D3CF3DDF70DF961AB90979E39A04C8A94A32FE5F6D1672F34272E24CF2CE74329B24E76766BAAEBDB6ADED336D6DED37FDC196C577DC7FE060C37D5B6AE426E48D6B1220A72AC9F8616DAADF4C3F793679FB54F2EEB964FF9137D6AD5BF7992B7EF6E73EFBB9C13FACCBCD679F3BD070DF961AB90979E39A04C8A94A32966A93FEF6EC7CF27E79E1AB9B27CE257B9E9DF88DEE2F7CEE977FE5B31DBFF8ED7FFEDEB924999E49CECC2CDC71DFF8B30DF76DA9919B9037AE49809C4AB3696EEE83DA542B2A2DCE0F67930FCE276F9F9A7DFAF064F76F7E71D36FFFCEBB33C93BE5E4DD72727226498373DF33CF36DCB7A5466E42DEB8260172AA21197B376D7CE1E5D7F61F9E183F34F1D48189A70EBEFAF40B47FFEB99977E78F8CDBD075EFD9F03AF3C75F095F1E75F3DFCDA8FEFFF87076EDE7C73E6D92737812AD724404E5572F3FDC5F395AFDC1AF223857EFFA69B1AEED8522337216F5C93003955C9CD932676E426E48D6B1220A71672F3C27B2676E426E48D6B1220A72AB979C2C48EDC84BC714D02E4542537DF35B12337216F5C93003955C9CD774CECC84DC81BD724404E557273CAC48EDC84BC714D02E494DC949BF0E9E09A04C8A94A6EFE646D67E963AEF42C51CFFEB10FB2F483E68DDC84BC714D02E4549A4D172EBCBDE6537DD895DE227EF1CD167F7295DFAEF238AB7CD0BC919B9037AE49809CAA94D9F166CFB2CF52FDE4E25F97FDA38F7DCC900F9A7144599F3AA08E6B1220A72A41F656F366B92F495EFAA3865F1BFE68E943ADF2F88B6FB0F483661C57D6A70EA8E39A04C8A94A901D5BDBF9A8FFEA3EB3D26D16F5E2A58F6BB75FF53BE98D0FDEF0A7CD38B4C54F9AF5A903EAB8260172AAD2643F5EF3A93EECCAA558779B8F7D9CC08F177FD0A4E35AFCA4599F3AA08E6B1220A79A9A9B4B6B7269262E6ED0659374F5665D1C972B3DA9DC8456E09A04C8A94A99FD68CDA7F6B0CB6562DD6D967E66D90F56B9E5EAF76AD2C84DC81BD724404E2D94D9FCE49A4FED611B1E7FF16FAB1F5FCAD0E5EEB5DA5737577EAE261D54C381647DEA803AAE49809CAA94D99B6B3EB5875D2E13EB6ED3F00296BD4DE0C7B5076CF84C930E30EB5307D4714D02E45425C8DE58F3F9A8F9DE6878FCC5BF5D7A8365EFB2EC7D97FDFCD2276DD2D1551F39EB5307D4714D02E45425C88EAEF9D41E76F1E37F948375B759E996AB3C66C3275779AE261D5DF5F1B33E75401DD724404E5582EC75133B7213F2C63509905395DC7CCDC48EDC84BC714D02E494DC949BF0E9E09A04C8A9349BE6E75F35B12337216F5C93003955C9CD574CECC84DC81BD724404E557273C2C48EDC84BC714D02E45425375F36B12337216F5C930039D5DEDE7EF6ECC1F9F9974CD4C84DC81BD724404E150A8537DFFCC1FCFC1113357213F2C635099053FDFDFDFFB17BE77CF2A2099F9727BEDFD5D595F5A903EAC84D809CDABE7DFBD0D01F651E7097D7FCD3F0BDC56231EB5307D4919B0039353939D9D5F5F9B3E5FDF3C96113380303D78F8E8E667DEA803A721320BFEE59B0753E79C184CCBF8DFCCDE0607FD6270D68243701F2AB5C2EF7F67E717CFC5F92E479B3FA4C4DEDE9EAFA7CA9B42FEB930634929B00B9363131D1D373EDC4C468921C322B4DDA9A69978F8D7D27EBD3052C436E02E4DDF8F8785A9CDBB7FF71921C344B6774F4BEAEAEC2D8D83F667DA280E5C94D80CB40B95C1E1A2AF6F67E6178F82FA7A61E4F9203A654FAEF9191BF1E1CEC1B18E84D3FCEFA14012B929B00978DB1B1B162F1F73A3B7FA98DB6B68E8E5F181CBC212DCEAC4F0BF031E42600D1BCB725104E6E0210ADCD0F8A0482D9170044939B4038FB028068721308675F00104D6E02E1EC0B00A2C94D209C7D014034B90984B32F008826378170F60500D1E42610CEBE00209ADC04C2D9170044939B4038FB028068721308675F00104D6E02E1EC0B00A2C94D209C7D014034B90984B32F008826378170F60500D1E42610CEBE00209ADC04C2D9170044939B4038FB028068721308675F00104D6E02E1EC0B00A2C94D209C7D014034B90984B32F008826378170F60500D1E42610CEBE00209ADC04C2D9170044939B4038FB028068721308675F00104D6E02E1EC0B00A2C94D209C7D014034B90984B32F008826378170F60500D1E42610CEBE00209ADC04C2D9170044939B4038FB028068721308675F00104D6E02E1EC0B00A2C94D209C7D014034B90984B32F008826378170F60500D1E42610CEBE00209ADC04C2D9170044939B4038FB028068721308675F00104D6E02E1EC0B00A2C94D209C7D014034B90984B32F008826378170F60500D1E42610CEBE00209ADC04C2D9170044939B4038FB028068721308675F00104D6E02E1EC0B00A2C94D209C7D014034B90984B32F008826378170F60500D1E42610CEBE00209ADC04C2D9170044939B4038FB028068721308675F00104D6E02E1EC0B00A2C94D209C7D014034B90984B32F008826378170F60500D1E42610CEBE00209ADC04C2D9170044939B4038FB028068721308675F00104D6E02E1EC0B00A2C94D209C7D014034B90984B32F008826378170F60500D1E42610CEBE00209ADC04C2D9170044939B4038FB028068721308675F00104D6E02E1EC0B00A2C94D209C7D014034B90984B32F008826378170F60500D1E42610CEBE00209ADC04C2D9170044939B4038FB028068721308675F00104D6E02E1EC0B00A2C94D209C7D014090919191B432DBDBDB7B7A7AD20F3A3B3BD35FAFBEFAEA898989AC5F1A906B721380200F3FFC70DB129B366D1A1D1DCDFAA501B926370108522E97AFBAEAAAC5AD79DD75D7757676964AA5AC5F1A906B7213805077DE79E715575C51CBCDDB6EBB6D686828EB1705E49DDC0420C2BA75EBAAADB979F3E642A1502E97B37E4540DEC94D0022ECDDBBF7CA2BAF4C73B3BFBFDFDFDA0442C84D00E25C7FFDF5D5DCCCFA85009707B909409CA9A9A93437BDFF1110486E0210CDDBBC03E1EC0B003E5EB95C1E1D1DBDE79E7B0606067A3FD2DFDF9F7E667878786A6A2AEB1708E497DC0460356965A689B9F40DDE1BF4F4F4ECDCB9D33F540796929B002C6F6C6C6CC3860D1F1B9A8B150A05FF5C1D6820370168542E978BC5E2D2AF5F7EED6B7FB66BD7434FEC79B23677DD75775F5F5FC32D070606FCA821A0466E0250676A6AAAE18B9AB7DFFED5D78F1E3D3F3BB7D29C78EFE4B7EEBFBFB3B373F197390F1D3A94F5A100B9203701B8647272322DC55A35F6F7F7AF1E9A0DD179D75D77D7EEDBDEDE3E3E3E9EF50101D9939B005C542E97177F5DF3DE6DDB024373F13CF8E0BFA6A159FB1AA77FB40EC84D002E1A1C1CACB5E6AE5D0FFD14AD599DFDCF1DE8E8E8A83E4E6F6F6FD68705644C6E02B0607474F4137E5D73F13CF2E863B547DBB16347D6070764496E02B0A0A7A7A7F6F7353F616B56A7F6F7383B3B3BBD1F27B432B9094032323252FBF73DC7DE3ABE26B9796AFA74EDDFAADF71C71D591F229019B90940D2DBDB5B7BCFA33569CDEA7CF78107AA0FDBD1D191F5210299919B00ADAE542AD5FE9EE55A7D69B336D75C73F16D95C6C6C6B23E50201B7213A0D50D0F0FD7FE15F9DAB6663AB7DC726BF5C1878686B23E50201B7213A0D56DDDBA75ADFE41FAD27962CF93D507DFB06143D6070A64436E02B4BAFEFEFE6A113EF2E8636B9E9BAF1F3D5A7BCBF7AC0F14C886DC046875B5B740DAFFDC8135CFCD746A7F3134EB0305B2E1E2076875B5B72B0AFFF1E851537BFCAC0F14C8868B1FA0D57575755573F0C523479A919BB51FA19EF58102D970F103B4BADA9B6E3EB1E7C9356FCD13EF9DF4D69BD0E2E42640AB2B168BD522FCD6FDF7AF796EBE78E448F5C17B7A7AB23E50201B7213A0D56DDFBEBD5A845BB67C79CD73F3DE6DDBAA0F3E383898F58102D9909B00AD6E6262A2F6FDEE53D3A7D73637376EDC587DF0E1E1E1AC0F14C886DC042029142EFEA8C95DBB1E5AC3D6ACBDE966AA542A657D944036E42600C9D0D050350ABBBBBBD7F00B9C5FBAF1C6EAC30E0C0C647D884066E4260049A954AABD3BE65AFD28CB7D4F3D5DFBD2E6A14387B23E442033721380053B76ECA8A6617B7BFB277F47A4D78F1EADF5EBD6AD5BB33E38204B7213808B366CD8500DC4B4143FC94F183A357DBABBBBBBF650535353591F199025B909C0459393931D1D1DB54CFCE97E84FAB1B78ED75AB3BDBD7D6C6C2CEBC30232263701B824ADC3DA5FB84C6331F68DDFF73DF574ED7BE8A91D3B76647D4040F6E42600754647476B5FE3ACFE5BF5471E7D2CE48B9A376FDEDCB688D604AAE426008D262626BABABA16B7631A9D77DD75F78B478E2CADCC6FDD7F7F5F5FDFE21BA7B5EA7BE8408DDC046019A552E99E7BEE696F6F6F5BCEFAF5EB57FAA3C1C141FF3608584C6E02B0A2341C8BC5E2B259B9546F6FEFF8F878D62F19C81DB909C0C72897CB2323236977F6F4F4342466A150181818D8B973A7AF68022B919B00003491DC0400A089E42600004D243701006822B909004013FD3F556BFA02D42872DA0000000049454E44AE426082, '0');
INSERT INTO `act_ge_bytearray` VALUES ('17502', '1', 'diagrams/leave.bpmn', '17501', 0x3C3F786D6C2076657273696F6E3D22312E302220656E636F64696E673D225554462D38223F3E0A3C646566696E6974696F6E7320786D6C6E733D22687474703A2F2F7777772E6F6D672E6F72672F737065632F42504D4E2F32303130303532342F4D4F44454C2220786D6C6E733A7873693D22687474703A2F2F7777772E77332E6F72672F323030312F584D4C536368656D612D696E7374616E63652220786D6C6E733A7873643D22687474703A2F2F7777772E77332E6F72672F323030312F584D4C536368656D612220786D6C6E733A61637469766974693D22687474703A2F2F61637469766974692E6F72672F62706D6E2220786D6C6E733A62706D6E64693D22687474703A2F2F7777772E6F6D672E6F72672F737065632F42504D4E2F32303130303532342F44492220786D6C6E733A6F6D6764633D22687474703A2F2F7777772E6F6D672E6F72672F737065632F44442F32303130303532342F44432220786D6C6E733A6F6D6764693D22687474703A2F2F7777772E6F6D672E6F72672F737065632F44442F32303130303532342F44492220747970654C616E67756167653D22687474703A2F2F7777772E77332E6F72672F323030312F584D4C536368656D61222065787072657373696F6E4C616E67756167653D22687474703A2F2F7777772E77332E6F72672F313939392F585061746822207461726765744E616D6573706163653D22687474703A2F2F7777772E61637469766974692E6F72672F74657374223E0A20203C70726F636573732069643D226C6561766522206E616D653D226C6561766550726F636573732220697345786563757461626C653D2274727565223E0A202020203C73746172744576656E742069643D2273746172746576656E743122206E616D653D225374617274223E3C2F73746172744576656E743E0A202020203C656E644576656E742069643D22656E646576656E743122206E616D653D22456E64223E3C2F656E644576656E743E0A202020203C757365725461736B2069643D22757365727461736B3122206E616D653D22E8AFB7E58187E794B3E8AFB7222061637469766974693A61737369676E65653D226B657368616F223E3C2F757365725461736B3E0A202020203C757365725461736B2069643D22757365727461736B3222206E616D653D22E8AFB7E58187E5AEA1E689B9222061637469766974693A6173796E633D2274727565222061637469766974693A61737369676E65653D227669636B79223E3C2F757365725461736B3E0A202020203C73657175656E6365466C6F772069643D22666C6F77312220736F757263655265663D2273746172746576656E743122207461726765745265663D22757365727461736B31223E3C2F73657175656E6365466C6F773E0A202020203C73657175656E6365466C6F772069643D22666C6F77322220736F757263655265663D22757365727461736B3122207461726765745265663D22757365727461736B32223E3C2F73657175656E6365466C6F773E0A202020203C73657175656E6365466C6F772069643D22666C6F77332220736F757263655265663D22757365727461736B3222207461726765745265663D22656E646576656E7431223E3C2F73657175656E6365466C6F773E0A20203C2F70726F636573733E0A20203C62706D6E64693A42504D4E4469616772616D2069643D2242504D4E4469616772616D5F6C65617665223E0A202020203C62706D6E64693A42504D4E506C616E652062706D6E456C656D656E743D226C65617665222069643D2242504D4E506C616E655F6C65617665223E0A2020202020203C62706D6E64693A42504D4E53686170652062706D6E456C656D656E743D2273746172746576656E7431222069643D2242504D4E53686170655F73746172746576656E7431223E0A20202020202020203C6F6D6764633A426F756E6473206865696768743D2233352E30222077696474683D2233352E302220783D223531352E302220793D2233302E30223E3C2F6F6D6764633A426F756E64733E0A2020202020203C2F62706D6E64693A42504D4E53686170653E0A2020202020203C62706D6E64693A42504D4E53686170652062706D6E456C656D656E743D22656E646576656E7431222069643D2242504D4E53686170655F656E646576656E7431223E0A20202020202020203C6F6D6764633A426F756E6473206865696768743D2233352E30222077696474683D2233352E302220783D223531352E302220793D223436302E30223E3C2F6F6D6764633A426F756E64733E0A2020202020203C2F62706D6E64693A42504D4E53686170653E0A2020202020203C62706D6E64693A42504D4E53686170652062706D6E456C656D656E743D22757365727461736B31222069643D2242504D4E53686170655F757365727461736B31223E0A20202020202020203C6F6D6764633A426F756E6473206865696768743D2235352E30222077696474683D223130352E302220783D223438302E302220793D223137302E30223E3C2F6F6D6764633A426F756E64733E0A2020202020203C2F62706D6E64693A42504D4E53686170653E0A2020202020203C62706D6E64693A42504D4E53686170652062706D6E456C656D656E743D22757365727461736B32222069643D2242504D4E53686170655F757365727461736B32223E0A20202020202020203C6F6D6764633A426F756E6473206865696768743D2235352E30222077696474683D223130352E302220783D223438302E302220793D223331302E30223E3C2F6F6D6764633A426F756E64733E0A2020202020203C2F62706D6E64693A42504D4E53686170653E0A2020202020203C62706D6E64693A42504D4E456467652062706D6E456C656D656E743D22666C6F7731222069643D2242504D4E456467655F666C6F7731223E0A20202020202020203C6F6D6764693A776179706F696E7420783D223533322E302220793D2236352E30223E3C2F6F6D6764693A776179706F696E743E0A20202020202020203C6F6D6764693A776179706F696E7420783D223533322E302220793D223137302E30223E3C2F6F6D6764693A776179706F696E743E0A2020202020203C2F62706D6E64693A42504D4E456467653E0A2020202020203C62706D6E64693A42504D4E456467652062706D6E456C656D656E743D22666C6F7732222069643D2242504D4E456467655F666C6F7732223E0A20202020202020203C6F6D6764693A776179706F696E7420783D223533322E302220793D223232352E30223E3C2F6F6D6764693A776179706F696E743E0A20202020202020203C6F6D6764693A776179706F696E7420783D223533322E302220793D223331302E30223E3C2F6F6D6764693A776179706F696E743E0A2020202020203C2F62706D6E64693A42504D4E456467653E0A2020202020203C62706D6E64693A42504D4E456467652062706D6E456C656D656E743D22666C6F7733222069643D2242504D4E456467655F666C6F7733223E0A20202020202020203C6F6D6764693A776179706F696E7420783D223533322E302220793D223336352E30223E3C2F6F6D6764693A776179706F696E743E0A20202020202020203C6F6D6764693A776179706F696E7420783D223533322E302220793D223436302E30223E3C2F6F6D6764693A776179706F696E743E0A2020202020203C2F62706D6E64693A42504D4E456467653E0A202020203C2F62706D6E64693A42504D4E506C616E653E0A20203C2F62706D6E64693A42504D4E4469616772616D3E0A3C2F646566696E6974696F6E733E, '0');
INSERT INTO `act_ge_bytearray` VALUES ('17503', '1', 'diagrams/leave.png', '17501', 0x89504E470D0A1A0A0000000D494844520000037A000001F40802000000E414C8AE0000217649444154789CEDDD6D6C5DF57DC0716B85E1A14DF5B46EB1F6865BED057EB1616BAD94BC5A1CA4614FDA8AA521E2ED457AA54910548DA269EACC26605AC9A26965D1D4A2746B99B589CD5315B054605921CCCB02F520248110300F01B721D4100297C5496E1C3B3E3BBE37DCF85E3FF0FF175F9D13EEE7A39F22C7B94F87A3F3E32B3BB96E4B0000A069DAB27E0100007C9AC94D00009A486E0200D0447213008026929B00003491DC0400A089E42600004D243701006822B909004013C94D00009A486E0200D0447213008026929B00003491DC0400A089E42600004D243701006822B909004013C94D00009A486E0200D0447213008026929B00003491DC0400A089E42600004D243701006822B909004013C94D00009A486E0200D0447213008026929B00003491DC04E0E395CBE5D1D1D17BEEB9676060A0F723FDFDFDE9674646464AA552D62F10C82FB909C06AD2CA4CB3B2BDBD3D0DCD342E77ED7AE8893D4F56E791471FBBEBAEBB0707073B3A3A366CD8303C3C9CF58B05F2486E02B0BC43870EF5F6F6A6959966E5F9D9B9D567DF534F6FD9F2E59E9E9EB1B1B1AC5F38902F721380656CDFBE3D6DC727F63CF9B1A1B978F63F7760E3C68D5BB76E2D97CB591F0190177213803A69290E0E0E0E0D0D4585E6E2F9D6FDF7F7F6F64E4D4D657D28402EC84D002E495B73C3860D2323233F756BD6BEB79E3ECEE4E464D60704644F6E0270C9E0E0E0276FCDDA37D6D3E2F45D75406E0270D1F6EDDB3FC9F7D097CEAE5D0F0D0C0C647D5840C6E426000B0E1D3AD4D3D3B386AD599D5B6EB975E7CE9D591F1C9025B909C082B435F73F7760CD73F3D85BC7AFB9A6E05BEAD0CAE426000BEFE53E3030B0E6AD599DDB6FFFEA8E1D3BB23E442033721380A4B7B737F62D36A3BEC0D9D9D999F5210299919B00ADAE542A75747434A935ABB37EFDFAF1F1F1AC0F14C886DC046875C3C3C3C562B1A9B979EFB66D434343591F28900DB909D0EAB66EDDBA73E7CEA6E6E6137B9EECEDEDCDFA40816CC84D8056D7DFDFFFC8A38F3535375F3F7AF49A6B0A591F28900DB909D0EA9AF416488BE7D4F4E9F6F6F6AC0F14C886DC0468759D9D9DC7DE3ADED4DC4CA7ADCDFF71A045B9F8015A5D5757D78B478EC84DA0495CFC00ADAEA96FBAE9EF6E027213A0D5158BC5EF3EF040537373DF534FAF5FBF3EEB0305B22137015ADD8E1D3B6EBFFDAB4DCDCD3467B76CF972D6070A64436E02B4BAC9C9C942A1D0D4DCECEBEBDBBD7B77D6070A64436E02D0DC7F2D746AFA74474747B95CCEFA28816CC84D009AFBFDF46FDC775FFAE0591F229019B90940522E970B854233DE7DF3D4F4E96BAE294C4D4D657D884066E426000B4646466EDEBCD997368135273701B8E84B37DEB86BD7436BD89A2F1E39D2DDDD7D6AFA74D6470664496E027051A9545ABF7EFD5AFD9BA113EF9D4C5BF3F5A347B33E2C20637213804B262626D2E24C1BF193B7E6976EBCF191471FCBFA8080ECC94D00EA1C3A74A8BBBB7BDF534F7F92EFA1A7CDAA35812AB90940A352A9B471E3C6BBEEBAFBC47B27A342F3D4F4E96FDC775FF53BF2591F0490177213806594CBE53437AFBDB62BCDC73422435AF3BB0F3C90DEFEF6DBBF9A466AD62F1FC811B909C08AA6A6A6EEB8E38E8E8E8E2FDD78635A93FB9F3BD09098E9671E7CF05F6FDEBC39BDCD962D5F9E9C9CCCFA2503B9233701F818E572797474B4582C767777B7D54B3F93B6E6C8C848A954CAFA6502392537018896A667D62F01B86CC84D00A2B5B5F9DF0710CABE00209ADC04C2D9170044939B4038FB028068721308675F00104D6E02E1EC0B00A2C94D209C7D014034B90984B32F008826378170F60500D1E42610CEBE00209ADC04C2D9170044939B4038FB028068721308675F00104D6E02E1EC0B00A2C94D209C7D014034B90984B32F008826378170F60500D1E42610CEBE00209ADC04C2D9170044939B4038FB028068721308675F00104D6E02E1EC0B00A2C94D209C7D014034B90984B32F008826378170F60500D1E42610CEBE00209ADC04C2D9170044939B4038FB028068721308675F00104D6E02E1EC0B00A2C94D209C7D014034B90984B32F008826378170F60500D1E42610CEBE00209ADC04C2D9170044939B4038FB028068721308675F00104D6E02E1EC0B00A2C94D209C7D014034B90984B32F008826378170F60500D1E42610CEBE00209ADC04C2D9170044939B4038FB028068721308675F00104D6E02E1EC0B00A2C94D209C7D014034B90984B32F008826378170F60500D1E42610CEBE00209ADC04C2D9170044939B4038FB028068721308675F00104D6E02E1EC0B00A2C94D209C7D014034B90984B32F008826378170F60500D1E42610CEBE00209ADC04C2D9170044939B4038FB028068721308675F00104D6E02E1EC0B00A2C94D209C7D014034B90984B32F008826378170F60500D1E42610CEBE00209ADC04C2D9170044939B4038FB028068721308675F00104D6E02E1EC0B00A2C94D209C7D014034B90984B32F008826378170F60500D1E42610CEBE00209ADC04C2D9170044939B4038FB028068721308675F00104D6E02E1EC0B00A2C94D209C7D014034B90984B32F008826378170F60500D1E42610CEBE00209ADC04C2D9170044939B4038FB028068721308675F00104D6E02E1EC0B00A2C94D209C7D014034B90984B32F008826378170F60500D1E42610CEBE00209ADC04C2D9170044939B4038FB028068721308675F00104D6E02E1EC0B00A2C94D209C7D014034B90984B32F00083232329256667B7B7B4F4F4FFA41676767FAEBD5575F3D313191F54B03724D6E0210E4E1871F6E5B62D3A64DA3A3A359BF3420D7E4260041CAE5F255575DB5B835AFBBEEBACECECE52A994F54B03724D6E0210EACE3BEFBCE28A2B6AB979DB6DB70D0D0D65FDA280BC939B004458B76E5DB535376FDE5C2814CAE572D6AF08C83BB9094084BD7BF75E79E595696EF6F7F7FB5B9B4008B909409CEBAFBFBE9A9B59BF10E0F22037018833353595E6A6F73F0202C94D00A2799B77209C7D0170D92897CB232323838383BDBDBD854261E9BB60B688F4D8D3FF02030303C3C3C3DE8609F24F6E025C1E76EFDE9D6656DA9A0F3EF8E0137BF6BC7EF4E8F9D9D9D69CF4D8D3FF02BB76EDDAB2654BFADF248DCEAC4F0EB01AB9099077A552A9582CF6F5F51D7BEBD8F9D9F366F19C78EF441A9DE97F9CA9A9A9AC4F14B03CB909906B696BF6F4F47CF781EF9C9F9D312BCD238F3EB27EFDFAC9C9C9AC4F17B00CB909906BC562B1D29AE7CCEAF3C49EC7376EFCADAC4F17B00CB909905FBB77EFEEEBBB6176AE6C42E66B7FF6A7DBB67D3DEB930634929B0039552E970B85C25BC72767E7CE9A90993EFD4177F775DE1014F2466E02E4D4F0F070B1589C9D3B539B4DFDBF1BF856418BEFD552B36DDB5F0D0D0D657DEA803A721320A7060606763DF4EF975AF386BE9F24C98F2E24AFCD262FCD24CFCF24FBA7E7763CF4E40F8E7FF8CCF9E47FCBC933E564DF99E4F173C9DFEF3B7CCBD65B332FBF4CE6B903E33D3D3D599F3AA08EDC04C8A9AEAEAE23470ECECE9DAE4E5B5BDB74929C9E4F3E9C4BDE3F9F9C49923FF9F3BBDB7EE6E737DC30707C363936931C3B974C9693D7E792EFFDF0F9CA17384FB7E04C9F3ED9DEDE9EF5A903EAC84D809CEAE8E878EFE4F1D9B9E9EAA40579E642327361E18FE6E6177EFDFE63FFF9ABBFF6EB7F71EF37E692E4D45CF2E16CF2FE6C524A92C79F7DA1929BD3AD396D7EC026E48C6B1220A72AC978AA36E96F4FCF2527CF26E72F5CBC41A954FABB6F7EFBEB7FFBCD636F2FBCC3F9EC7C72BE92A14F3FF77CC37D5B6AE426E48D6B1220A72AC9F87FB559C8CD0BC98933C93BD3C96C929C9F99E9BAF6DAB6B6CFB4B5B5DFF4075B16DF71FF81830DF76DA9919B9037AE49809CAA24E387B5A97E33FDE4D9E4ED53C9BBE792FD47DE58B76EDD67AEF8D99FFBECE706FFB02E379F7DEE40C37D5B6AE426E48D6B1220A72AC958AA4DFADBB3F3C9FBE585AF6E9E3897EC7976E237BABFF0B95FFE95CF76FCE2B7FFF97BE792647A263933B370C77DE3CF36DCB7A5466E42DEB82601722ACDA6B9B90F6A53ADA8B4383F9C4D3E389FBC7D6AF6E9C393DDBFF9C54DBFFD3BEFCE24EF949377CBC9C999240DCE7DCF3CDB70DF961AB90979E39A04C8A98664ECDDB4F185975FDB7F7862FCD0C45307269E3AF8EAD32F1CFDAF675EFAE1E137F71E78F57F0EBCF2D4C157C69F7FF5F06B3FBEFF1F1EB879F3CD99679FDC04AA5C93003955C9CDF717CF57BE726BC88F14FAFD9B6E6AB8634B8DDC84BC714D02E45425374F9AD8919B9037AE49809C5AC8CD0BEF99D8919B9037AE49809CAAE4E609133B7213F2C63509905395DC7CD7C48EDC84BC714D02E4542537DF31B12337216F5C93003955C9CD29133B7213F2C63509905372536EC2A7836B1220A72AB9F993B59DA58FB9D2B3443DFBB2370E7FAE353FC6AC4F1D50C73509905369365DB8F0F69A4FF561577A8BF8C5375BFCC9656FD3F0983FF573ADF901667DEA803AAE49809CAA04D9F166CFB2CF52FDE4E25F97DE7E951F6B14F55CCD38A2AC4F1D50C73509905395387BAB79B35C265EFAA3865F1BFEA8E1F32B7D1CF25CCD38AEAC4F1D50C73509905395263BB6B6F351EAD57D66A5DB2C4AC363F5A5D878C7653F0E79AE668CDC84BC714D02E45425CE7EBCE6537DD895BF0F5E779BD51F67F507097CAE661C60D6A70EA8E39A04C8A9A6E6E6D29A5C25131B9271A5DBAFF2F12ACF2537E153CF350990539526FBD19A4FED6197FB7263DD6D967E66D90F423E5EE5B99A7180599F3AA08E6B1220A7169A6C7E72CDA7F6B00D8FBFF8B7D58F2FA5E172F75AE95BE44B1F67F5E76AC601667DEA803AAE49809CAA34D99B6B3EB5875D2E13EB6ED3F00296BD4DE0C7AB3C57330E30EB5307D4714D02E454A5C9DE58F3F9A8F6DE6878FCC5BF5D7A8365EFB2EC7D639FAB190798F5A903EAB8260172AAD26447D77C6A0FBBF8F13FEAC2BADBAC74CB551EF3A778AE661C60D6A70EA8E39A04C8A94A93BD6E62476E42DEB8260172AA929BAF99D8919B9037AE49809C929B72133E1D5C9300399566D3FCFCAB2676E426E48D6B1220A72AB9F98A891DB90979E39A04C8A94A6E4E98D8919B9037AE49809CAAE4E6CB2676E426E48D6B1220A7DADBDBCF9E3D383FFF92891AB90979E39A04C8A942A1F0E69B3F989F3F62A2466E42DEB8260172AABFBFFF3F76EF9C4F5E34E1F3F2C4F7BBBABAB23E75401DB9099053DBB76F1F1AFAA3CC03EEF29A7F1ABEB7582C667DEA803A721320A7262727BBBA3E7FB6BC7F3E396C026760E0FAD1D1D1AC4F1D50476E02E4D73D0BB6CE272F9890F9B791BF191CECCFFAA4018DE426407E95CBE5DEDE2F8E8FFF4B923C6F569FA9A93D5D5D9F2F95F6657DD28046721320D72626267A7AAE9D98184D924366A5495B33EDF2B1B1EF647DBA8065C84D80BC1B1F1F4F8B73FBF63F4E928366E98C8EDED7D555181BFBC7AC4F14B03CB90970192897CB4343C5DEDE2F0C0FFFE5D4D4E34972C0944AFF3D32F2D783837D0303BDE9C7599F2260457213E0B2313636562CFE5E67E72FB5D1D6D6D1F10B838337A4C599F569013E86DC04209AF7B604C2C94D00A2B5F941914030FB028068721308675F00104D6E02E1EC0B00A2C94D209C7D014034B90984B32F008826378170F60500D1E42610CEBE00209ADC04C2D9170044939B4038FB028068721308675F00104D6E02E1EC0B00A2C94D209C7D014034B90984B32F008826378170F60500D1E42610CEBE00209ADC04C2D9170044939B4038FB028068721308675F00104D6E02E1EC0B00A2C94D209C7D014034B90984B32F008826378170F60500D1E42610CEBE00209ADC04C2D9170044939B4038FB028068721308675F00104D6E02E1EC0B00A2C94D209C7D014034B90984B32F008826378170F60500D1E42610CEBE00209ADC04C2D9170044939B4038FB028068721308675F00104D6E02E1EC0B00A2C94D209C7D014034B90984B32F008826378170F60500D1E42610CEBE00209ADC04C2D9170044939B4038FB028068721308675F00104D6E02E1EC0B00A2C94D209C7D014034B90984B32F008826378170F60500D1E42610CEBE00209ADC04C2D9170044939B4038FB028068721308675F00104D6E02E1EC0B00A2C94D209C7D014034B90984B32F008826378170F60500D1E42610CEBE00209ADC04C2D9170044939B4038FB028068721308675F00104D6E02E1EC0B00A2C94D209C7D014034B90984B32F008826378170F60500D1E42610CEBE00209ADC04C2D9170044939B4038FB028068721308675F00104D6E02E1EC0B00A2C94D209C7D014034B90984B32F008826378170F60500D1E42610CEBE00209ADC04C2D9170044939B4038FB028068721308675F00104D6E02E1EC0B00828C8C8CA495D9DEDEDED3D3937ED0D9D999FE7AF5D5574F4C4C64FDD2805C939B000479F8E187DB96D8B469D3E8E868D62F0DC835B909409072B97CD555572D6ECDEBAEBBAEB3B3B3542A65FDD2805C939B0084BAF3CE3BAFB8E28A5A6EDE76DB6D43434359BF2820EFE4260011D6AD5B576DCDCD9B37170A8572B99CF52B02F24E6E021061EFDEBD575E79659A9BFDFDFDFED62610426E0210E7FAEBAFAFE666D62F04B83CC84D00E24C4D4DA5B9E9FD8F804072138068DEE61D08675F005C36CAE5F2C8C8C8E0E0606F6F6FA15058FA2E982D223DF6F4BFC0C0C0C0F0F0B0B76182FC939B009787DDBB77A79995B6E6830F3EF8C49E3DAF1F3D7A7E76B635273DF6F4BFC0AE5DBBB66CD992FE3749A333EB9303AC466E02E45DA9542A168B7D7D7DC7DE3A767EF6BC593C27DE3B914667FA1F676A6A2AEB13052C4F6E02E45ADA9A3D3D3DDF7DE03BE76767CC4AF3C8A38FAC5FBF7E727232EBD3052C436E02E45AB158ACB4E639B3FA3CB1E7F18D1B7F2BEBD3052C436E02E4D7EEDDBBFBFA6E989D2B9B90F9DA9FFDE9B66D5FCFFAA4018DE426404E95CBE542A1F0D6F1C9D9B9B32664A64F7FD0DD7D9D370485BC919B0039353C3C5C2C1667E7CED46653FFEF06BE55D0E27BB5D46CDBF657434343599F3AA08EDC04C8A98181815D0FFDFBA5D6BCA1EF2749F2A30BC96BB3C94B33C9F333C9FEE9B91D0F3DF983E31F3E733EF9DF72F24C39D9772679FC5CF2F7FB0EDFB2F5D6CCCB2F9379EEC0784F4F4FD6A70EA823370172AAABABEBC89183B373A7ABD3D6D6369D24A7E7930FE792F7CF276792E44FFEFCEEB69FF9F90D370C1C9F4D8ECD24C7CE2593E5E4F5B9E47B3F7CBEF205CED32D38D3A74FB6B7B7677DEA803A721320A73A3A3ADE3B797C766EBA3A69419EB990CC5C58F8A3B9F9855FBFFFD87FFEEAAFFDFA5FDCFB8DB9243935977C389BBC3F9B9492E4F1675FA8E4E6746B4E9B1FB00939E39A04C8A94A329EAA4DFADBD373C9C9B3C9F90B176F502A95FEEE9BDFFEFADF7EF3D8DB0BEF703E3B9F9CAF64E8D3CF3DDF70DF961AB90979E39A04C8A94A32FE5F6D1672F34272E24CF2CE74329B24E76766BAAEBDB6ADED336D6DED37FDC196C577DC7FE060C37D5B6AE426E48D6B1220A72AC9F8616DAADF4C3F793679FB54F2EEB964FF9137D6AD5BF7992B7EF6E73EFBB9C13FACCBCD679F3BD070DF961AB90979E39A04C8A94A32966A93FEF6EC7CF27E79E1AB9B27CE257B9E9DF88DEE2F7CEE977FE5B31DBFF8ED7FFEDEB924999E49CECC2CDC71DFF8B30DF76DA9919B9037AE49809C4AB3696EEE83DA542B2A2DCE0F67930FCE276F9F9A7DFAF064F76F7E71D36FFFCEBB33C93BE5E4DD72727226498373DF33CF36DCB7A5466E42DEB8260172AA21197B376D7CE1E5D7F61F9E183F34F1D48189A70EBEFAF40B47FFEB99977E78F8CDBD075EFD9F03AF3C75F095F1E75F3DFCDA8FEFFF87076EDE7C73E6D92737812AD724404E5572F3FDC5F395AFDC1AF223857EFFA69B1AEED8522337216F5C93003955C9CD932676E426E48D6B1220A71672F3C27B2676E426E48D6B1220A72AB979C2C48EDC84BC714D02E4542537DF35B12337216F5C93003955C9CD774CECC84DC81BD724404E557273CAC48EDC84BC714D02E494DC949BF0E9E09A04C8A94A6EFE646D67E963AEF42C51CFFEB10FB2F483E68DDC84BC714D02E4549A4D172EBCBDE6537DD895DE227EF1CD167F7295DFAEF238AB7CD0BC919B9037AE49809CAA94D9F166CFB2CF52FDE4E25F97FDA38F7DCC900F9A7144599F3AA08E6B1220A72A41F656F366B92F495EFAA3865F1BFE68E943ADF2F88B6FB0F483661C57D6A70EA8E39A04C8A94A901D5BDBF9A8FFEA3EB3D26D16F5E2A58F6BB75FF53BE98D0FDEF0A7CD38B4C54F9AF5A903EAB8260172AAD2643F5EF3A93EECCAA558779B8F7D9CC08F177FD0A4E35AFCA4599F3AA08E6B1220A79A9A9B4B6B7269262E6ED0659374F5665D1C972B3DA9DC8456E09A04C8A94A99FD68CDA7F6B0CB6562DD6D967E66D90F56B9E5EAF76AD2C84DC81BD724404E2D94D9FCE49A4FED611B1E7FF16FAB1F5FCAD0E5EEB5DA5737577EAE261D54C381647DEA803AAE49809CAA94D99B6B3EB5875D2E13EB6ED3F00296BD4DE0C7B5076CF84C930E30EB5307D4714D02E45425C8DE58F3F9A8F9DE6878FCC5BF5D7A8365EFB2EC7D97FDFCD2276DD2D1551F39EB5307D4714D02E45425C88EAEF9D41E76F1E37F948375B759E996AB3C66C3275779AE261D5DF5F1B33E75401DD724404E5582EC75133B7213F2C63509905395DC7CCDC48EDC84BC714D02E494DC949BF0E9E09A04C8A9349BE6E75F35B12337216F5C93003955C9CD574CECC84DC81BD724404E557273C2C48EDC84BC714D02E45425375F36B12337216F5C930039D5DEDE7EF6ECC1F9F9974CD4C84DC81BD724404E150A8537DFFCC1FCFC1113357213F2C635099053FDFDFDFFB17BE77CF2A2099F9727BEDFD5D595F5A903EAC84D809CDABE7DFBD0D01F651E7097D7FCD3F0BDC56231EB5307D4919B0039353939D9D5F5F9B3E5FDF3C96113380303D78F8E8E667DEA803A721320BFEE59B0753E79C184CCBF8DFCCDE0607FD6270D68243701F2AB5C2EF7F67E717CFC5F92E479B3FA4C4DEDE9EAFA7CA9B42FEB930634929B00B9363131D1D373EDC4C468921C322B4DDA9A69978F8D7D27EBD3052C436E02E4DDF8F8785A9CDBB7FF71921C344B6774F4BEAEAEC2D8D83F667DA280E5C94D80CB40B95C1E1A2AF6F67E6178F82FA7A61E4F9203A654FAEF9191BF1E1CEC1B18E84D3FCEFA14012B929B00978DB1B1B162F1F73A3B7FA98DB6B68E8E5F181CBC212DCEAC4F0BF031E42600D1BCB725104E6E0210ADCD0F8A0482D9170044939B4038FB028068721308675F00104D6E02E1EC0B00A2C94D209C7D014034B90984B32F008826378170F60500D1E42610CEBE00209ADC04C2D9170044939B4038FB028068721308675F00104D6E02E1EC0B00A2C94D209C7D014034B90984B32F008826378170F60500D1E42610CEBE00209ADC04C2D9170044939B4038FB028068721308675F00104D6E02E1EC0B00A2C94D209C7D014034B90984B32F008826378170F60500D1E42610CEBE00209ADC04C2D9170044939B4038FB028068721308675F00104D6E02E1EC0B00A2C94D209C7D014034B90984B32F008826378170F60500D1E42610CEBE00209ADC04C2D9170044939B4038FB028068721308675F00104D6E02E1EC0B00A2C94D209C7D014034B90984B32F008826378170F60500D1E42610CEBE00209ADC04C2D9170044939B4038FB028068721308675F00104D6E02E1EC0B00A2C94D209C7D014034B90984B32F008826378170F60500D1E42610CEBE00209ADC04C2D9170044939B4038FB028068721308675F00104D6E02E1EC0B00A2C94D209C7D014034B90984B32F008826378170F60500D1E42610CEBE00209ADC04C2D9170044939B4038FB028068721308675F00104D6E02E1EC0B00A2C94D209C7D014034B90984B32F008826378170F60500D1E42610CEBE00209ADC04C2D9170044939B4038FB028068721308675F00104D6E02E1EC0B00A2C94D209C7D014034B90984B32F008826378170F60500D1E42610CEBE00209ADC04C2D9170044939B4038FB028068721308675F00104D6E02E1EC0B00A2C94D209C7D014034B90984B32F008826378170F60500D1E42610CEBE00209ADC04C2D9170044939B4038FB028068721308675F00104D6E02E1EC0B00A2C94D209C7D014090919191B432DBDBDB7B7A7AD20F3A3B3BD35FAFBEFAEA898989AC5F1A906B721380200F3FFC70DB129B366D1A1D1DCDFAA501B926370108522E97AFBAEAAAC5AD79DD75D7757676964AA5AC5F1A906B7213805077DE79E715575C51CBCDDB6EBB6D686828EB1705E49DDC0420C2BA75EBAAADB979F3E642A1502E97B37E4540DEC94D0022ECDDBBF7CA2BAF4C73B3BFBFDFDFDA0442C84D00E25C7FFDF5D5DCCCFA85009707B909409CA9A9A93437BDFF1110486E0210CDDBBC03E1EC0B003E5EB95C1E1D1DBDE79E7B0606067A3FD2DFDF9F7E667878786A6A2AEB1708E497DC0460356965A689B9F40DDE1BF4F4F4ECDCB9D33F540796929B002C6F6C6C6CC3860D1F1B9A8B150A05FF5C1D6820370168542E978BC5E2D2AF5F7EED6B7FB66BD7434FEC79B23677DD75775F5F5FC32D070606FCA821A0466E0250676A6AAAE18B9AB7DFFED5D78F1E3D3F3BB7D29C78EFE4B7EEBFBFB3B373F197390F1D3A94F5A100B9203701B8647272322DC55A35F6F7F7AF1E9A0DD179D75D77D7EEDBDEDE3E3E3E9EF50101D9939B005C542E97177F5DF3DE6DDB024373F13CF8E0BFA6A159FB1AA77FB40EC84D002E1A1C1CACB5E6AE5D0FFD14AD599DFDCF1DE8E8E8A83E4E6F6F6FD68705644C6E02B0607474F4137E5D73F13CF2E863B547DBB16347D6070764496E02B0A0A7A7A7F6F7353F616B56A7F6F7383B3B3BBD1F27B432B9094032323252FBF73DC7DE3ABE26B9796AFA74EDDFAADF71C71D591F229019B90940D2DBDB5B7BCFA33569CDEA7CF78107AA0FDBD1D191F5210299919B00ADAE542AD5FE9EE55A7D69B336D75C73F16D95C6C6C6B23E50201B7213A0D50D0F0FD7FE15F9DAB6663AB7DC726BF5C1878686B23E50201B7213A0D56DDDBA75ADFE41FAD27962CF93D507DFB06143D6070A64436E02B4BAFEFEFE6A113EF2E8636B9E9BAF1F3D5A7BCBF7AC0F14C886DC046875B5B740DAFFDC8135CFCD746A7F3134EB0305B2E1E2076875B5B72B0AFFF1E851537BFCAC0F14C8868B1FA0D57575755573F0C523479A919BB51FA19EF58102D970F103B4BADA9B6E3EB1E7C9356FCD13EF9DF4D69BD0E2E42640AB2B168BD522FCD6FDF7AF796EBE78E448F5C17B7A7AB23E50201B7213A0D56DDFBEBD5A845BB67C79CD73F3DE6DDBAA0F3E383898F58102D9909B00AD6E6262A2F6FDEE53D3A7D73637376EDC587DF0E1E1E1AC0F14C886DC042029142EFEA8C95DBB1E5AC3D6ACBDE966AA542A657D944036E42600C9D0D050350ABBBBBBD7F00B9C5FBAF1C6EAC30E0C0C647D884066E4260049A954AABD3BE65AFD28CB7D4F3D5DFBD2E6A14387B23E442033721380053B76ECA8A6617B7BFB277F47A4D78F1EADF5EBD6AD5BB33E38204B7213808B366CD8500DC4B4143FC94F183A357DBABBBBBBF650535353591F199025B909C0459393931D1D1DB54CFCE97E84FAB1B78ED75AB3BDBD7D6C6C2CEBC30232263701B824ADC3DA5FB84C6331F68DDFF73DF574ED7BE8A91D3B76647D4040F6E42600754647476B5FE3ACFE5BF5471E7D2CE48B9A376FDEDCB688D604AAE426008D262626BABABA16B7631A9D77DD75F78B478E2CADCC6FDD7F7F5F5FDFE21BA7B5EA7BE8408DDC046019A552E99E7BEE696F6F6F5BCEFAF5EB57FAA3C1C141FF3608584C6E02B0A2341C8BC5E2B259B9546F6FEFF8F878D62F19C81DB909C0C72897CB2323236977F6F4F4342466A150181818D8B973A7AF68022B919B00003491DC0400A089E42600004D243701006822B909004013FD3F556BFA02D42872DA0000000049454E44AE426082, '0');

-- ----------------------------
-- Table structure for `act_ge_property`
-- ----------------------------
DROP TABLE IF EXISTS `act_ge_property`;
CREATE TABLE `act_ge_property` (
  `NAME_` varchar(64) COLLATE utf8_bin NOT NULL DEFAULT '',
  `VALUE_` varchar(300) COLLATE utf8_bin DEFAULT NULL,
  `REV_` int(11) DEFAULT NULL,
  PRIMARY KEY (`NAME_`)
) ENGINE=InnoDB DEFAULT CHARSET=utf8 COLLATE=utf8_bin;

-- ----------------------------
-- Records of act_ge_property
-- ----------------------------
INSERT INTO `act_ge_property` VALUES ('next.dbid', '37501', '16');
INSERT INTO `act_ge_property` VALUES ('schema.history', 'create(5.18.0.0)', '1');
INSERT INTO `act_ge_property` VALUES ('schema.version', '5.18.0.0', '1');

-- ----------------------------
-- Table structure for `act_hi_actinst`
-- ----------------------------
DROP TABLE IF EXISTS `act_hi_actinst`;
CREATE TABLE `act_hi_actinst` (
  `ID_` varchar(64) COLLATE utf8_bin NOT NULL,
  `PROC_DEF_ID_` varchar(64) COLLATE utf8_bin NOT NULL,
  `PROC_INST_ID_` varchar(64) COLLATE utf8_bin NOT NULL,
  `EXECUTION_ID_` varchar(64) COLLATE utf8_bin NOT NULL,
  `ACT_ID_` varchar(128) COLLATE utf8_bin NOT NULL,
  `TASK_ID_` varchar(64) COLLATE utf8_bin DEFAULT NULL,
  `CALL_PROC_INST_ID_` varchar(64) COLLATE utf8_bin DEFAULT NULL,
  `ACT_NAME_` varchar(128) COLLATE utf8_bin DEFAULT NULL,
  `ACT_TYPE_` varchar(128) COLLATE utf8_bin NOT NULL,
  `ASSIGNEE_` varchar(128) COLLATE utf8_bin DEFAULT NULL,
  `START_TIME_` datetime NOT NULL,
  `END_TIME_` datetime DEFAULT NULL,
  `DURATION_` bigint(20) DEFAULT NULL,
  `TENANT_ID_` varchar(128) COLLATE utf8_bin DEFAULT '',
  PRIMARY KEY (`ID_`),
  KEY `ACT_IDX_HI_ACT_INST_START` (`START_TIME_`),
  KEY `ACT_IDX_HI_ACT_INST_END` (`END_TIME_`),
  KEY `ACT_IDX_HI_ACT_INST_PROCINST` (`PROC_INST_ID_`,`ACT_ID_`),
  KEY `ACT_IDX_HI_ACT_INST_EXEC` (`EXECUTION_ID_`,`ACT_ID_`)
) ENGINE=InnoDB DEFAULT CHARSET=utf8 COLLATE=utf8_bin;

-- ----------------------------
-- Records of act_hi_actinst
-- ----------------------------
INSERT INTO `act_hi_actinst` VALUES ('20002', 'leave:3:17504', '20001', '20001', 'startevent1', null, null, 'Start', 'startEvent', null, '2017-07-17 18:59:32', '2017-07-17 18:59:32', '19', '');
INSERT INTO `act_hi_actinst` VALUES ('20003', 'leave:3:17504', '20001', '20001', 'usertask1', '20004', null, '', 'userTask', 'keshao', '2017-07-17 18:59:32', '2017-07-17 19:05:34', '362545', '');
INSERT INTO `act_hi_actinst` VALUES ('25002', 'leave:3:17504', '25001', '25001', 'startevent1', null, null, 'Start', 'startEvent', null, '2017-07-17 19:06:59', '2017-07-17 19:06:59', '9', '');
INSERT INTO `act_hi_actinst` VALUES ('25003', 'leave:3:17504', '25001', '25001', 'usertask1', '25004', null, '', 'userTask', 'keshao', '2017-07-17 19:06:59', '2017-07-17 19:07:50', '51736', '');
INSERT INTO `act_hi_actinst` VALUES ('30002', 'leave:3:17504', '30001', '30001', 'startevent1', null, null, 'Start', 'startEvent', null, '2017-07-17 19:10:49', '2017-07-17 19:10:49', '8', '');
INSERT INTO `act_hi_actinst` VALUES ('30003', 'leave:3:17504', '30001', '30001', 'usertask1', '30004', null, '', 'userTask', 'keshao', '2017-07-17 19:10:49', null, null, '');
INSERT INTO `act_hi_actinst` VALUES ('35002', 'leave:3:17504', '35001', '35001', 'startevent1', null, null, 'Start', 'startEvent', null, '2017-07-17 19:12:43', '2017-07-17 19:12:43', '8', '');
INSERT INTO `act_hi_actinst` VALUES ('35003', 'leave:3:17504', '35001', '35001', 'usertask1', '35004', null, '', 'userTask', 'keshao', '2017-07-17 19:12:43', null, null, '');

-- ----------------------------
-- Table structure for `act_hi_attachment`
-- ----------------------------
DROP TABLE IF EXISTS `act_hi_attachment`;
CREATE TABLE `act_hi_attachment` (
  `ID_` varchar(64) COLLATE utf8_bin NOT NULL,
  `REV_` int(11) DEFAULT NULL,
  `USER_ID_` varchar(128) COLLATE utf8_bin DEFAULT NULL,
  `NAME_` varchar(128) COLLATE utf8_bin DEFAULT NULL,
  `DESCRIPTION_` varchar(4000) COLLATE utf8_bin DEFAULT NULL,
  `TYPE_` varchar(128) COLLATE utf8_bin DEFAULT NULL,
  `TASK_ID_` varchar(64) COLLATE utf8_bin DEFAULT NULL,
  `PROC_INST_ID_` varchar(64) COLLATE utf8_bin DEFAULT NULL,
  `URL_` varchar(4000) COLLATE utf8_bin DEFAULT NULL,
  `CONTENT_ID_` varchar(64) COLLATE utf8_bin DEFAULT NULL,
  `TIME_` datetime DEFAULT NULL,
  PRIMARY KEY (`ID_`)
) ENGINE=InnoDB DEFAULT CHARSET=utf8 COLLATE=utf8_bin;

-- ----------------------------
-- Records of act_hi_attachment
-- ----------------------------

-- ----------------------------
-- Table structure for `act_hi_comment`
-- ----------------------------
DROP TABLE IF EXISTS `act_hi_comment`;
CREATE TABLE `act_hi_comment` (
  `ID_` varchar(64) COLLATE utf8_bin NOT NULL,
  `TYPE_` varchar(128) COLLATE utf8_bin DEFAULT NULL,
  `TIME_` datetime NOT NULL,
  `USER_ID_` varchar(128) COLLATE utf8_bin DEFAULT NULL,
  `TASK_ID_` varchar(64) COLLATE utf8_bin DEFAULT NULL,
  `PROC_INST_ID_` varchar(64) COLLATE utf8_bin DEFAULT NULL,
  `ACTION_` varchar(128) COLLATE utf8_bin DEFAULT NULL,
  `MESSAGE_` varchar(4000) COLLATE utf8_bin DEFAULT NULL,
  `FULL_MSG_` longblob,
  PRIMARY KEY (`ID_`)
) ENGINE=InnoDB DEFAULT CHARSET=utf8 COLLATE=utf8_bin;

-- ----------------------------
-- Records of act_hi_comment
-- ----------------------------

-- ----------------------------
-- Table structure for `act_hi_detail`
-- ----------------------------
DROP TABLE IF EXISTS `act_hi_detail`;
CREATE TABLE `act_hi_detail` (
  `ID_` varchar(64) COLLATE utf8_bin NOT NULL,
  `TYPE_` varchar(128) COLLATE utf8_bin NOT NULL,
  `PROC_INST_ID_` varchar(64) COLLATE utf8_bin DEFAULT NULL,
  `EXECUTION_ID_` varchar(64) COLLATE utf8_bin DEFAULT NULL,
  `TASK_ID_` varchar(64) COLLATE utf8_bin DEFAULT NULL,
  `ACT_INST_ID_` varchar(64) COLLATE utf8_bin DEFAULT NULL,
  `NAME_` varchar(128) COLLATE utf8_bin NOT NULL,
  `VAR_TYPE_` varchar(128) COLLATE utf8_bin DEFAULT NULL,
  `REV_` int(11) DEFAULT NULL,
  `TIME_` datetime NOT NULL,
  `BYTEARRAY_ID_` varchar(64) COLLATE utf8_bin DEFAULT NULL,
  `DOUBLE_` double DEFAULT NULL,
  `LONG_` bigint(20) DEFAULT NULL,
  `TEXT_` varchar(4000) COLLATE utf8_bin DEFAULT NULL,
  `TEXT2_` varchar(4000) COLLATE utf8_bin DEFAULT NULL,
  PRIMARY KEY (`ID_`),
  KEY `ACT_IDX_HI_DETAIL_PROC_INST` (`PROC_INST_ID_`),
  KEY `ACT_IDX_HI_DETAIL_ACT_INST` (`ACT_INST_ID_`),
  KEY `ACT_IDX_HI_DETAIL_TIME` (`TIME_`),
  KEY `ACT_IDX_HI_DETAIL_NAME` (`NAME_`),
  KEY `ACT_IDX_HI_DETAIL_TASK_ID` (`TASK_ID_`)
) ENGINE=InnoDB DEFAULT CHARSET=utf8 COLLATE=utf8_bin;

-- ----------------------------
-- Records of act_hi_detail
-- ----------------------------

-- ----------------------------
-- Table structure for `act_hi_identitylink`
-- ----------------------------
DROP TABLE IF EXISTS `act_hi_identitylink`;
CREATE TABLE `act_hi_identitylink` (
  `ID_` varchar(64) COLLATE utf8_bin NOT NULL DEFAULT '',
  `GROUP_ID_` varchar(128) COLLATE utf8_bin DEFAULT NULL,
  `TYPE_` varchar(128) COLLATE utf8_bin DEFAULT NULL,
  `USER_ID_` varchar(128) COLLATE utf8_bin DEFAULT NULL,
  `TASK_ID_` varchar(64) COLLATE utf8_bin DEFAULT NULL,
  `PROC_INST_ID_` varchar(64) COLLATE utf8_bin DEFAULT NULL,
  PRIMARY KEY (`ID_`),
  KEY `ACT_IDX_HI_IDENT_LNK_USER` (`USER_ID_`),
  KEY `ACT_IDX_HI_IDENT_LNK_TASK` (`TASK_ID_`),
  KEY `ACT_IDX_HI_IDENT_LNK_PROCINST` (`PROC_INST_ID_`)
) ENGINE=InnoDB DEFAULT CHARSET=utf8 COLLATE=utf8_bin;

-- ----------------------------
-- Records of act_hi_identitylink
-- ----------------------------
INSERT INTO `act_hi_identitylink` VALUES ('20005', null, 'participant', 'keshao', null, '20001');
INSERT INTO `act_hi_identitylink` VALUES ('25005', null, 'participant', 'keshao', null, '25001');
INSERT INTO `act_hi_identitylink` VALUES ('30005', null, 'participant', 'keshao', null, '30001');
INSERT INTO `act_hi_identitylink` VALUES ('35005', null, 'participant', 'keshao', null, '35001');

-- ----------------------------
-- Table structure for `act_hi_procinst`
-- ----------------------------
DROP TABLE IF EXISTS `act_hi_procinst`;
CREATE TABLE `act_hi_procinst` (
  `ID_` varchar(64) COLLATE utf8_bin NOT NULL,
  `PROC_INST_ID_` varchar(64) COLLATE utf8_bin NOT NULL,
  `BUSINESS_KEY_` varchar(128) COLLATE utf8_bin DEFAULT NULL,
  `PROC_DEF_ID_` varchar(64) COLLATE utf8_bin NOT NULL,
  `START_TIME_` datetime NOT NULL,
  `END_TIME_` datetime DEFAULT NULL,
  `DURATION_` bigint(20) DEFAULT NULL,
  `START_USER_ID_` varchar(128) COLLATE utf8_bin DEFAULT NULL,
  `START_ACT_ID_` varchar(128) COLLATE utf8_bin DEFAULT NULL,
  `END_ACT_ID_` varchar(128) COLLATE utf8_bin DEFAULT NULL,
  `SUPER_PROCESS_INSTANCE_ID_` varchar(64) COLLATE utf8_bin DEFAULT NULL,
  `DELETE_REASON_` varchar(4000) COLLATE utf8_bin DEFAULT NULL,
  `TENANT_ID_` varchar(128) COLLATE utf8_bin DEFAULT '',
  `NAME_` varchar(128) COLLATE utf8_bin DEFAULT NULL,
  PRIMARY KEY (`ID_`),
  UNIQUE KEY `PROC_INST_ID_` (`PROC_INST_ID_`),
  KEY `ACT_IDX_HI_PRO_INST_END` (`END_TIME_`),
  KEY `ACT_IDX_HI_PRO_I_BUSKEY` (`BUSINESS_KEY_`)
) ENGINE=InnoDB DEFAULT CHARSET=utf8 COLLATE=utf8_bin;

-- ----------------------------
-- Records of act_hi_procinst
-- ----------------------------
INSERT INTO `act_hi_procinst` VALUES ('20001', '20001', null, 'leave:3:17504', '2017-07-17 18:59:32', null, null, null, 'startevent1', null, null, null, '', null);
INSERT INTO `act_hi_procinst` VALUES ('25001', '25001', null, 'leave:3:17504', '2017-07-17 19:06:59', null, null, null, 'startevent1', null, null, null, '', null);
INSERT INTO `act_hi_procinst` VALUES ('30001', '30001', null, 'leave:3:17504', '2017-07-17 19:10:49', null, null, null, 'startevent1', null, null, null, '', null);
INSERT INTO `act_hi_procinst` VALUES ('35001', '35001', null, 'leave:3:17504', '2017-07-17 19:12:43', null, null, null, 'startevent1', null, null, null, '', null);

-- ----------------------------
-- Table structure for `act_hi_taskinst`
-- ----------------------------
DROP TABLE IF EXISTS `act_hi_taskinst`;
CREATE TABLE `act_hi_taskinst` (
  `ID_` varchar(64) COLLATE utf8_bin NOT NULL,
  `PROC_DEF_ID_` varchar(64) COLLATE utf8_bin DEFAULT NULL,
  `TASK_DEF_KEY_` varchar(128) COLLATE utf8_bin DEFAULT NULL,
  `PROC_INST_ID_` varchar(64) COLLATE utf8_bin DEFAULT NULL,
  `EXECUTION_ID_` varchar(64) COLLATE utf8_bin DEFAULT NULL,
  `NAME_` varchar(128) COLLATE utf8_bin DEFAULT NULL,
  `PARENT_TASK_ID_` varchar(64) COLLATE utf8_bin DEFAULT NULL,
  `DESCRIPTION_` varchar(4000) COLLATE utf8_bin DEFAULT NULL,
  `OWNER_` varchar(128) COLLATE utf8_bin DEFAULT NULL,
  `ASSIGNEE_` varchar(128) COLLATE utf8_bin DEFAULT NULL,
  `START_TIME_` datetime NOT NULL,
  `CLAIM_TIME_` datetime DEFAULT NULL,
  `END_TIME_` datetime DEFAULT NULL,
  `DURATION_` bigint(20) DEFAULT NULL,
  `DELETE_REASON_` varchar(4000) COLLATE utf8_bin DEFAULT NULL,
  `PRIORITY_` int(11) DEFAULT NULL,
  `DUE_DATE_` datetime DEFAULT NULL,
  `FORM_KEY_` varchar(128) COLLATE utf8_bin DEFAULT NULL,
  `CATEGORY_` varchar(128) COLLATE utf8_bin DEFAULT NULL,
  `TENANT_ID_` varchar(128) COLLATE utf8_bin DEFAULT '',
  PRIMARY KEY (`ID_`),
  KEY `ACT_IDX_HI_TASK_INST_PROCINST` (`PROC_INST_ID_`)
) ENGINE=InnoDB DEFAULT CHARSET=utf8 COLLATE=utf8_bin;

-- ----------------------------
-- Records of act_hi_taskinst
-- ----------------------------
INSERT INTO `act_hi_taskinst` VALUES ('20004', 'leave:3:17504', 'usertask1', '20001', '20001', '', null, null, null, 'keshao', '2017-07-17 18:59:32', null, '2017-07-17 19:05:34', '362482', 'completed', '50', null, null, null, '');
INSERT INTO `act_hi_taskinst` VALUES ('25004', 'leave:3:17504', 'usertask1', '25001', '25001', '', null, null, null, 'keshao', '2017-07-17 19:06:59', null, '2017-07-17 19:07:50', '51663', 'completed', '50', null, null, null, '');
INSERT INTO `act_hi_taskinst` VALUES ('30004', 'leave:3:17504', 'usertask1', '30001', '30001', '', null, null, null, 'keshao', '2017-07-17 19:10:49', null, '2017-07-17 19:11:36', '47237', 'completed', '50', null, null, null, '');
INSERT INTO `act_hi_taskinst` VALUES ('35004', 'leave:3:17504', 'usertask1', '35001', '35001', '', null, null, null, 'keshao', '2017-07-17 19:12:43', null, null, null, null, '50', null, null, null, '');

-- ----------------------------
-- Table structure for `act_hi_varinst`
-- ----------------------------
DROP TABLE IF EXISTS `act_hi_varinst`;
CREATE TABLE `act_hi_varinst` (
  `ID_` varchar(64) COLLATE utf8_bin NOT NULL,
  `PROC_INST_ID_` varchar(64) COLLATE utf8_bin DEFAULT NULL,
  `EXECUTION_ID_` varchar(64) COLLATE utf8_bin DEFAULT NULL,
  `TASK_ID_` varchar(64) COLLATE utf8_bin DEFAULT NULL,
  `NAME_` varchar(128) COLLATE utf8_bin NOT NULL,
  `VAR_TYPE_` varchar(100) COLLATE utf8_bin DEFAULT NULL,
  `REV_` int(11) DEFAULT NULL,
  `BYTEARRAY_ID_` varchar(64) COLLATE utf8_bin DEFAULT NULL,
  `DOUBLE_` double DEFAULT NULL,
  `LONG_` bigint(20) DEFAULT NULL,
  `TEXT_` varchar(4000) COLLATE utf8_bin DEFAULT NULL,
  `TEXT2_` varchar(4000) COLLATE utf8_bin DEFAULT NULL,
  `CREATE_TIME_` datetime DEFAULT NULL,
  `LAST_UPDATED_TIME_` datetime DEFAULT NULL,
  PRIMARY KEY (`ID_`),
  KEY `ACT_IDX_HI_PROCVAR_PROC_INST` (`PROC_INST_ID_`),
  KEY `ACT_IDX_HI_PROCVAR_NAME_TYPE` (`NAME_`,`VAR_TYPE_`),
  KEY `ACT_IDX_HI_PROCVAR_TASK_ID` (`TASK_ID_`)
) ENGINE=InnoDB DEFAULT CHARSET=utf8 COLLATE=utf8_bin;

-- ----------------------------
-- Records of act_hi_varinst
-- ----------------------------

-- ----------------------------
-- Table structure for `act_id_group`
-- ----------------------------
DROP TABLE IF EXISTS `act_id_group`;
CREATE TABLE `act_id_group` (
  `ID_` varchar(64) COLLATE utf8_bin NOT NULL DEFAULT '',
  `REV_` int(11) DEFAULT NULL,
  `NAME_` varchar(255) COLLATE utf8_bin DEFAULT NULL,
  `TYPE_` varchar(255) COLLATE utf8_bin DEFAULT NULL,
  PRIMARY KEY (`ID_`)
) ENGINE=InnoDB DEFAULT CHARSET=utf8 COLLATE=utf8_bin;

-- ----------------------------
-- Records of act_id_group
-- ----------------------------

-- ----------------------------
-- Table structure for `act_id_info`
-- ----------------------------
DROP TABLE IF EXISTS `act_id_info`;
CREATE TABLE `act_id_info` (
  `ID_` varchar(64) COLLATE utf8_bin NOT NULL DEFAULT '',
  `REV_` int(11) DEFAULT NULL,
  `USER_ID_` varchar(64) COLLATE utf8_bin DEFAULT NULL,
  `TYPE_` varchar(64) COLLATE utf8_bin DEFAULT NULL,
  `KEY_` varchar(255) COLLATE utf8_bin DEFAULT NULL,
  `VALUE_` varchar(255) COLLATE utf8_bin DEFAULT NULL,
  `PASSWORD_` longblob,
  `PARENT_ID_` varchar(255) COLLATE utf8_bin DEFAULT NULL,
  PRIMARY KEY (`ID_`)
) ENGINE=InnoDB DEFAULT CHARSET=utf8 COLLATE=utf8_bin;

-- ----------------------------
-- Records of act_id_info
-- ----------------------------

-- ----------------------------
-- Table structure for `act_id_membership`
-- ----------------------------
DROP TABLE IF EXISTS `act_id_membership`;
CREATE TABLE `act_id_membership` (
  `USER_ID_` varchar(64) COLLATE utf8_bin NOT NULL DEFAULT '',
  `GROUP_ID_` varchar(64) COLLATE utf8_bin NOT NULL DEFAULT '',
  PRIMARY KEY (`USER_ID_`,`GROUP_ID_`),
  KEY `ACT_FK_MEMB_GROUP` (`GROUP_ID_`),
  CONSTRAINT `ACT_FK_MEMB_GROUP` FOREIGN KEY (`GROUP_ID_`) REFERENCES `act_id_group` (`ID_`),
  CONSTRAINT `ACT_FK_MEMB_USER` FOREIGN KEY (`USER_ID_`) REFERENCES `act_id_user` (`ID_`)
) ENGINE=InnoDB DEFAULT CHARSET=utf8 COLLATE=utf8_bin;

-- ----------------------------
-- Records of act_id_membership
-- ----------------------------

-- ----------------------------
-- Table structure for `act_id_user`
-- ----------------------------
DROP TABLE IF EXISTS `act_id_user`;
CREATE TABLE `act_id_user` (
  `ID_` varchar(64) COLLATE utf8_bin NOT NULL DEFAULT '',
  `REV_` int(11) DEFAULT NULL,
  `FIRST_` varchar(255) COLLATE utf8_bin DEFAULT NULL,
  `LAST_` varchar(255) COLLATE utf8_bin DEFAULT NULL,
  `EMAIL_` varchar(255) COLLATE utf8_bin DEFAULT NULL,
  `PWD_` varchar(255) COLLATE utf8_bin DEFAULT NULL,
  `PICTURE_ID_` varchar(64) COLLATE utf8_bin DEFAULT NULL,
  PRIMARY KEY (`ID_`)
) ENGINE=InnoDB DEFAULT CHARSET=utf8 COLLATE=utf8_bin;

-- ----------------------------
-- Records of act_id_user
-- ----------------------------

-- ----------------------------
-- Table structure for `act_re_deployment`
-- ----------------------------
DROP TABLE IF EXISTS `act_re_deployment`;
CREATE TABLE `act_re_deployment` (
  `ID_` varchar(64) COLLATE utf8_bin NOT NULL DEFAULT '',
  `NAME_` varchar(128) COLLATE utf8_bin DEFAULT NULL,
  `CATEGORY_` varchar(128) COLLATE utf8_bin DEFAULT NULL,
  `TENANT_ID_` varchar(128) COLLATE utf8_bin DEFAULT '',
  `DEPLOY_TIME_` timestamp NOT NULL DEFAULT CURRENT_TIMESTAMP ON UPDATE CURRENT_TIMESTAMP,
  PRIMARY KEY (`ID_`)
) ENGINE=InnoDB DEFAULT CHARSET=utf8 COLLATE=utf8_bin;

-- ----------------------------
-- Records of act_re_deployment
-- ----------------------------
INSERT INTO `act_re_deployment` VALUES ('12501', null, null, '', '2017-07-17 17:43:32');
INSERT INTO `act_re_deployment` VALUES ('15001', '', null, '', '2017-07-17 17:45:36');
INSERT INTO `act_re_deployment` VALUES ('17501', '', null, '', '2017-07-17 17:51:21');

-- ----------------------------
-- Table structure for `act_re_model`
-- ----------------------------
DROP TABLE IF EXISTS `act_re_model`;
CREATE TABLE `act_re_model` (
  `ID_` varchar(64) COLLATE utf8_bin NOT NULL,
  `REV_` int(11) DEFAULT NULL,
  `NAME_` varchar(128) COLLATE utf8_bin DEFAULT NULL,
  `KEY_` varchar(128) COLLATE utf8_bin DEFAULT NULL,
  `CATEGORY_` varchar(128) COLLATE utf8_bin DEFAULT NULL,
  `CREATE_TIME_` timestamp NULL DEFAULT NULL,
  `LAST_UPDATE_TIME_` timestamp NULL DEFAULT NULL,
  `VERSION_` int(11) DEFAULT NULL,
  `META_INFO_` varchar(4000) COLLATE utf8_bin DEFAULT NULL,
  `DEPLOYMENT_ID_` varchar(64) COLLATE utf8_bin DEFAULT NULL,
  `EDITOR_SOURCE_VALUE_ID_` varchar(64) COLLATE utf8_bin DEFAULT NULL,
  `EDITOR_SOURCE_EXTRA_VALUE_ID_` varchar(64) COLLATE utf8_bin DEFAULT NULL,
  `TENANT_ID_` varchar(128) COLLATE utf8_bin DEFAULT '',
  PRIMARY KEY (`ID_`),
  KEY `ACT_FK_MODEL_SOURCE` (`EDITOR_SOURCE_VALUE_ID_`),
  KEY `ACT_FK_MODEL_SOURCE_EXTRA` (`EDITOR_SOURCE_EXTRA_VALUE_ID_`),
  KEY `ACT_FK_MODEL_DEPLOYMENT` (`DEPLOYMENT_ID_`),
  CONSTRAINT `ACT_FK_MODEL_DEPLOYMENT` FOREIGN KEY (`DEPLOYMENT_ID_`) REFERENCES `act_re_deployment` (`ID_`),
  CONSTRAINT `ACT_FK_MODEL_SOURCE` FOREIGN KEY (`EDITOR_SOURCE_VALUE_ID_`) REFERENCES `act_ge_bytearray` (`ID_`),
  CONSTRAINT `ACT_FK_MODEL_SOURCE_EXTRA` FOREIGN KEY (`EDITOR_SOURCE_EXTRA_VALUE_ID_`) REFERENCES `act_ge_bytearray` (`ID_`)
) ENGINE=InnoDB DEFAULT CHARSET=utf8 COLLATE=utf8_bin;

-- ----------------------------
-- Records of act_re_model
-- ----------------------------

-- ----------------------------
-- Table structure for `act_re_procdef`
-- ----------------------------
DROP TABLE IF EXISTS `act_re_procdef`;
CREATE TABLE `act_re_procdef` (
  `ID_` varchar(64) COLLATE utf8_bin NOT NULL,
  `REV_` int(11) DEFAULT NULL,
  `CATEGORY_` varchar(128) COLLATE utf8_bin DEFAULT NULL,
  `NAME_` varchar(128) COLLATE utf8_bin DEFAULT NULL,
  `KEY_` varchar(128) COLLATE utf8_bin NOT NULL,
  `VERSION_` int(11) NOT NULL,
  `DEPLOYMENT_ID_` varchar(64) COLLATE utf8_bin DEFAULT NULL,
  `RESOURCE_NAME_` varchar(4000) COLLATE utf8_bin DEFAULT NULL,
  `DGRM_RESOURCE_NAME_` varchar(4000) COLLATE utf8_bin DEFAULT NULL,
  `DESCRIPTION_` varchar(4000) COLLATE utf8_bin DEFAULT NULL,
  `HAS_START_FORM_KEY_` tinyint(4) DEFAULT NULL,
  `HAS_GRAPHICAL_NOTATION_` tinyint(4) DEFAULT NULL,
  `SUSPENSION_STATE_` int(11) DEFAULT NULL,
  `TENANT_ID_` varchar(128) COLLATE utf8_bin DEFAULT '',
  PRIMARY KEY (`ID_`),
  UNIQUE KEY `ACT_UNIQ_PROCDEF` (`KEY_`,`VERSION_`,`TENANT_ID_`)
) ENGINE=InnoDB DEFAULT CHARSET=utf8 COLLATE=utf8_bin;

-- ----------------------------
-- Records of act_re_procdef
-- ----------------------------
INSERT INTO `act_re_procdef` VALUES ('leave:1:12504', '1', 'http://www.activiti.org/test', 'leaveProcess', 'leave', '1', '12501', 'diagrams/leave.bpmn', 'diagrams/leave.png', null, '0', '1', '1', '');
INSERT INTO `act_re_procdef` VALUES ('leave:2:15004', '1', 'http://www.activiti.org/test', 'leaveProcess', 'leave', '2', '15001', 'diagrams/leave.bpmn', 'diagrams/leave.png', null, '0', '1', '1', '');
INSERT INTO `act_re_procdef` VALUES ('leave:3:17504', '1', 'http://www.activiti.org/test', 'leaveProcess', 'leave', '3', '17501', 'diagrams/leave.bpmn', 'diagrams/leave.png', null, '0', '1', '1', '');

-- ----------------------------
-- Table structure for `act_ru_event_subscr`
-- ----------------------------
DROP TABLE IF EXISTS `act_ru_event_subscr`;
CREATE TABLE `act_ru_event_subscr` (
  `ID_` varchar(64) COLLATE utf8_bin NOT NULL,
  `REV_` int(11) DEFAULT NULL,
  `EVENT_TYPE_` varchar(128) COLLATE utf8_bin NOT NULL,
  `EVENT_NAME_` varchar(128) COLLATE utf8_bin DEFAULT NULL,
  `EXECUTION_ID_` varchar(64) COLLATE utf8_bin DEFAULT NULL,
  `PROC_INST_ID_` varchar(64) COLLATE utf8_bin DEFAULT NULL,
  `ACTIVITY_ID_` varchar(64) COLLATE utf8_bin DEFAULT NULL,
  `CONFIGURATION_` varchar(128) COLLATE utf8_bin DEFAULT NULL,
  `CREATED_` timestamp NOT NULL DEFAULT CURRENT_TIMESTAMP,
  `PROC_DEF_ID_` varchar(64) COLLATE utf8_bin DEFAULT NULL,
  `TENANT_ID_` varchar(128) COLLATE utf8_bin DEFAULT '',
  PRIMARY KEY (`ID_`),
  KEY `ACT_IDX_EVENT_SUBSCR_CONFIG_` (`CONFIGURATION_`),
  KEY `ACT_FK_EVENT_EXEC` (`EXECUTION_ID_`),
  CONSTRAINT `ACT_FK_EVENT_EXEC` FOREIGN KEY (`EXECUTION_ID_`) REFERENCES `act_ru_execution` (`ID_`)
) ENGINE=InnoDB DEFAULT CHARSET=utf8 COLLATE=utf8_bin;

-- ----------------------------
-- Records of act_ru_event_subscr
-- ----------------------------

-- ----------------------------
-- Table structure for `act_ru_execution`
-- ----------------------------
DROP TABLE IF EXISTS `act_ru_execution`;
CREATE TABLE `act_ru_execution` (
  `ID_` varchar(64) COLLATE utf8_bin NOT NULL DEFAULT '',
  `REV_` int(11) DEFAULT NULL,
  `PROC_INST_ID_` varchar(64) COLLATE utf8_bin DEFAULT NULL,
  `BUSINESS_KEY_` varchar(128) COLLATE utf8_bin DEFAULT NULL,
  `PARENT_ID_` varchar(64) COLLATE utf8_bin DEFAULT NULL,
  `PROC_DEF_ID_` varchar(64) COLLATE utf8_bin DEFAULT NULL,
  `SUPER_EXEC_` varchar(64) COLLATE utf8_bin DEFAULT NULL,
  `ACT_ID_` varchar(128) COLLATE utf8_bin DEFAULT NULL,
  `IS_ACTIVE_` tinyint(4) DEFAULT NULL,
  `IS_CONCURRENT_` tinyint(4) DEFAULT NULL,
  `IS_SCOPE_` tinyint(4) DEFAULT NULL,
  `IS_EVENT_SCOPE_` tinyint(4) DEFAULT NULL,
  `SUSPENSION_STATE_` int(11) DEFAULT NULL,
  `CACHED_ENT_STATE_` int(11) DEFAULT NULL,
  `TENANT_ID_` varchar(128) COLLATE utf8_bin DEFAULT '',
  `NAME_` varchar(128) COLLATE utf8_bin DEFAULT NULL,
  `LOCK_TIME_` timestamp NULL DEFAULT NULL,
  PRIMARY KEY (`ID_`),
  KEY `ACT_IDX_EXEC_BUSKEY` (`BUSINESS_KEY_`),
  KEY `ACT_FK_EXE_PROCINST` (`PROC_INST_ID_`),
  KEY `ACT_FK_EXE_PARENT` (`PARENT_ID_`),
  KEY `ACT_FK_EXE_SUPER` (`SUPER_EXEC_`),
  KEY `ACT_FK_EXE_PROCDEF` (`PROC_DEF_ID_`),
  CONSTRAINT `ACT_FK_EXE_PARENT` FOREIGN KEY (`PARENT_ID_`) REFERENCES `act_ru_execution` (`ID_`),
  CONSTRAINT `ACT_FK_EXE_PROCDEF` FOREIGN KEY (`PROC_DEF_ID_`) REFERENCES `act_re_procdef` (`ID_`),
  CONSTRAINT `ACT_FK_EXE_PROCINST` FOREIGN KEY (`PROC_INST_ID_`) REFERENCES `act_ru_execution` (`ID_`) ON DELETE CASCADE ON UPDATE CASCADE,
  CONSTRAINT `ACT_FK_EXE_SUPER` FOREIGN KEY (`SUPER_EXEC_`) REFERENCES `act_ru_execution` (`ID_`)
) ENGINE=InnoDB DEFAULT CHARSET=utf8 COLLATE=utf8_bin;

-- ----------------------------
-- Records of act_ru_execution
-- ----------------------------
INSERT INTO `act_ru_execution` VALUES ('20001', '2', '20001', null, null, 'leave:3:17504', null, 'usertask2', '1', '0', '1', '0', '1', '4', '', null, null);
INSERT INTO `act_ru_execution` VALUES ('25001', '2', '25001', null, null, 'leave:3:17504', null, 'usertask2', '1', '0', '1', '0', '1', '4', '', null, null);
INSERT INTO `act_ru_execution` VALUES ('30001', '2', '30001', null, null, 'leave:3:17504', null, 'usertask2', '1', '0', '1', '0', '1', '4', '', null, null);
INSERT INTO `act_ru_execution` VALUES ('35001', '1', '35001', null, null, 'leave:3:17504', null, 'usertask1', '1', '0', '1', '0', '1', '2', '', null, null);

-- ----------------------------
-- Table structure for `act_ru_identitylink`
-- ----------------------------
DROP TABLE IF EXISTS `act_ru_identitylink`;
CREATE TABLE `act_ru_identitylink` (
  `ID_` varchar(64) COLLATE utf8_bin NOT NULL DEFAULT '',
  `REV_` int(11) DEFAULT NULL,
  `GROUP_ID_` varchar(128) COLLATE utf8_bin DEFAULT NULL,
  `TYPE_` varchar(128) COLLATE utf8_bin DEFAULT NULL,
  `USER_ID_` varchar(128) COLLATE utf8_bin DEFAULT NULL,
  `TASK_ID_` varchar(64) COLLATE utf8_bin DEFAULT NULL,
  `PROC_INST_ID_` varchar(64) COLLATE utf8_bin DEFAULT NULL,
  `PROC_DEF_ID_` varchar(64) COLLATE utf8_bin DEFAULT NULL,
  PRIMARY KEY (`ID_`),
  KEY `ACT_IDX_IDENT_LNK_USER` (`USER_ID_`),
  KEY `ACT_IDX_IDENT_LNK_GROUP` (`GROUP_ID_`),
  KEY `ACT_IDX_ATHRZ_PROCEDEF` (`PROC_DEF_ID_`),
  KEY `ACT_FK_TSKASS_TASK` (`TASK_ID_`),
  KEY `ACT_FK_IDL_PROCINST` (`PROC_INST_ID_`),
  CONSTRAINT `ACT_FK_ATHRZ_PROCEDEF` FOREIGN KEY (`PROC_DEF_ID_`) REFERENCES `act_re_procdef` (`ID_`),
  CONSTRAINT `ACT_FK_IDL_PROCINST` FOREIGN KEY (`PROC_INST_ID_`) REFERENCES `act_ru_execution` (`ID_`),
  CONSTRAINT `ACT_FK_TSKASS_TASK` FOREIGN KEY (`TASK_ID_`) REFERENCES `act_ru_task` (`ID_`)
) ENGINE=InnoDB DEFAULT CHARSET=utf8 COLLATE=utf8_bin;

-- ----------------------------
-- Records of act_ru_identitylink
-- ----------------------------
INSERT INTO `act_ru_identitylink` VALUES ('20005', '1', null, 'participant', 'keshao', null, '20001', null);
INSERT INTO `act_ru_identitylink` VALUES ('25005', '1', null, 'participant', 'keshao', null, '25001', null);
INSERT INTO `act_ru_identitylink` VALUES ('30005', '1', null, 'participant', 'keshao', null, '30001', null);
INSERT INTO `act_ru_identitylink` VALUES ('35005', '1', null, 'participant', 'keshao', null, '35001', null);

-- ----------------------------
-- Table structure for `act_ru_job`
-- ----------------------------
DROP TABLE IF EXISTS `act_ru_job`;
CREATE TABLE `act_ru_job` (
  `ID_` varchar(64) COLLATE utf8_bin NOT NULL,
  `REV_` int(11) DEFAULT NULL,
  `TYPE_` varchar(128) COLLATE utf8_bin NOT NULL,
  `LOCK_EXP_TIME_` timestamp NULL DEFAULT NULL,
  `LOCK_OWNER_` varchar(128) COLLATE utf8_bin DEFAULT NULL,
  `EXCLUSIVE_` tinyint(1) DEFAULT NULL,
  `EXECUTION_ID_` varchar(64) COLLATE utf8_bin DEFAULT NULL,
  `PROCESS_INSTANCE_ID_` varchar(64) COLLATE utf8_bin DEFAULT NULL,
  `PROC_DEF_ID_` varchar(64) COLLATE utf8_bin DEFAULT NULL,
  `RETRIES_` int(11) DEFAULT NULL,
  `EXCEPTION_STACK_ID_` varchar(64) COLLATE utf8_bin DEFAULT NULL,
  `EXCEPTION_MSG_` varchar(4000) COLLATE utf8_bin DEFAULT NULL,
  `DUEDATE_` timestamp NULL DEFAULT NULL,
  `REPEAT_` varchar(128) COLLATE utf8_bin DEFAULT NULL,
  `HANDLER_TYPE_` varchar(128) COLLATE utf8_bin DEFAULT NULL,
  `HANDLER_CFG_` varchar(4000) COLLATE utf8_bin DEFAULT NULL,
  `TENANT_ID_` varchar(128) COLLATE utf8_bin DEFAULT '',
  PRIMARY KEY (`ID_`),
  KEY `ACT_FK_JOB_EXCEPTION` (`EXCEPTION_STACK_ID_`),
  CONSTRAINT `ACT_FK_JOB_EXCEPTION` FOREIGN KEY (`EXCEPTION_STACK_ID_`) REFERENCES `act_ge_bytearray` (`ID_`)
) ENGINE=InnoDB DEFAULT CHARSET=utf8 COLLATE=utf8_bin;

-- ----------------------------
-- Records of act_ru_job
-- ----------------------------
INSERT INTO `act_ru_job` VALUES ('22501', '1', 'message', null, null, '1', '20001', '20001', 'leave:3:17504', '3', null, null, '2017-07-17 19:05:34', null, 'async-continuation', null, '');
INSERT INTO `act_ru_job` VALUES ('27501', '1', 'message', null, null, '1', '25001', '25001', 'leave:3:17504', '3', null, null, '2017-07-17 19:07:50', null, 'async-continuation', null, '');
INSERT INTO `act_ru_job` VALUES ('32501', '1', 'message', null, null, '1', '30001', '30001', 'leave:3:17504', '3', null, null, '2017-07-17 19:11:36', null, 'async-continuation', null, '');

-- ----------------------------
-- Table structure for `act_ru_task`
-- ----------------------------
DROP TABLE IF EXISTS `act_ru_task`;
CREATE TABLE `act_ru_task` (
  `ID_` varchar(64) COLLATE utf8_bin NOT NULL DEFAULT '',
  `REV_` int(11) DEFAULT NULL,
  `EXECUTION_ID_` varchar(64) COLLATE utf8_bin DEFAULT NULL,
  `PROC_INST_ID_` varchar(64) COLLATE utf8_bin DEFAULT NULL,
  `PROC_DEF_ID_` varchar(64) COLLATE utf8_bin DEFAULT NULL,
  `NAME_` varchar(128) COLLATE utf8_bin DEFAULT NULL,
  `PARENT_TASK_ID_` varchar(64) COLLATE utf8_bin DEFAULT NULL,
  `DESCRIPTION_` varchar(4000) COLLATE utf8_bin DEFAULT NULL,
  `TASK_DEF_KEY_` varchar(128) COLLATE utf8_bin DEFAULT NULL,
  `OWNER_` varchar(128) COLLATE utf8_bin DEFAULT NULL,
  `ASSIGNEE_` varchar(128) COLLATE utf8_bin DEFAULT NULL,
  `DELEGATION_` varchar(64) COLLATE utf8_bin DEFAULT NULL,
  `PRIORITY_` int(11) DEFAULT NULL,
  `CREATE_TIME_` timestamp NOT NULL DEFAULT CURRENT_TIMESTAMP ON UPDATE CURRENT_TIMESTAMP,
  `DUE_DATE_` datetime DEFAULT NULL,
  `CATEGORY_` varchar(128) COLLATE utf8_bin DEFAULT NULL,
  `SUSPENSION_STATE_` int(11) DEFAULT NULL,
  `TENANT_ID_` varchar(128) COLLATE utf8_bin DEFAULT '',
  `FORM_KEY_` varchar(128) COLLATE utf8_bin DEFAULT NULL,
  PRIMARY KEY (`ID_`),
  KEY `ACT_IDX_TASK_CREATE` (`CREATE_TIME_`),
  KEY `ACT_FK_TASK_EXE` (`EXECUTION_ID_`),
  KEY `ACT_FK_TASK_PROCINST` (`PROC_INST_ID_`),
  KEY `ACT_FK_TASK_PROCDEF` (`PROC_DEF_ID_`),
  CONSTRAINT `ACT_FK_TASK_EXE` FOREIGN KEY (`EXECUTION_ID_`) REFERENCES `act_ru_execution` (`ID_`),
  CONSTRAINT `ACT_FK_TASK_PROCDEF` FOREIGN KEY (`PROC_DEF_ID_`) REFERENCES `act_re_procdef` (`ID_`),
  CONSTRAINT `ACT_FK_TASK_PROCINST` FOREIGN KEY (`PROC_INST_ID_`) REFERENCES `act_ru_execution` (`ID_`)
) ENGINE=InnoDB DEFAULT CHARSET=utf8 COLLATE=utf8_bin;

-- ----------------------------
-- Records of act_ru_task
-- ----------------------------
INSERT INTO `act_ru_task` VALUES ('35004', '1', '35001', '35001', 'leave:3:17504', '', null, null, 'usertask1', null, 'keshao', null, '50', '2017-07-17 19:12:43', null, null, '1', '', null);

-- ----------------------------
-- Table structure for `act_ru_variable`
-- ----------------------------
DROP TABLE IF EXISTS `act_ru_variable`;
CREATE TABLE `act_ru_variable` (
  `ID_` varchar(64) COLLATE utf8_bin NOT NULL,
  `REV_` int(11) DEFAULT NULL,
  `TYPE_` varchar(128) COLLATE utf8_bin NOT NULL,
  `NAME_` varchar(128) COLLATE utf8_bin NOT NULL,
  `EXECUTION_ID_` varchar(64) COLLATE utf8_bin DEFAULT NULL,
  `PROC_INST_ID_` varchar(64) COLLATE utf8_bin DEFAULT NULL,
  `TASK_ID_` varchar(64) COLLATE utf8_bin DEFAULT NULL,
  `BYTEARRAY_ID_` varchar(64) COLLATE utf8_bin DEFAULT NULL,
  `DOUBLE_` double DEFAULT NULL,
  `LONG_` bigint(20) DEFAULT NULL,
  `TEXT_` varchar(4000) COLLATE utf8_bin DEFAULT NULL,
  `TEXT2_` varchar(4000) COLLATE utf8_bin DEFAULT NULL,
  PRIMARY KEY (`ID_`),
  KEY `ACT_IDX_VARIABLE_TASK_ID` (`TASK_ID_`),
  KEY `ACT_FK_VAR_EXE` (`EXECUTION_ID_`),
  KEY `ACT_FK_VAR_PROCINST` (`PROC_INST_ID_`),
  KEY `ACT_FK_VAR_BYTEARRAY` (`BYTEARRAY_ID_`),
  CONSTRAINT `ACT_FK_VAR_BYTEARRAY` FOREIGN KEY (`BYTEARRAY_ID_`) REFERENCES `act_ge_bytearray` (`ID_`),
  CONSTRAINT `ACT_FK_VAR_EXE` FOREIGN KEY (`EXECUTION_ID_`) REFERENCES `act_ru_execution` (`ID_`),
  CONSTRAINT `ACT_FK_VAR_PROCINST` FOREIGN KEY (`PROC_INST_ID_`) REFERENCES `act_ru_execution` (`ID_`)
) ENGINE=InnoDB DEFAULT CHARSET=utf8 COLLATE=utf8_bin;

-- ----------------------------
-- Records of act_ru_variable
-- ----------------------------

-- ----------------------------
-- Table structure for `pm_sys_area`
-- ----------------------------
DROP TABLE IF EXISTS `pm_sys_area`;
CREATE TABLE `pm_sys_area` (
  `id` int(32) NOT NULL AUTO_INCREMENT COMMENT '',
  `parent_id` int(32) NOT NULL COMMENT '',
  `name` varchar(100) NOT NULL COMMENT '',
  `sort` decimal(10,0) NOT NULL COMMENT '',
  `code` varchar(100) DEFAULT NULL COMMENT '',
  `create_by` varchar(64) NOT NULL COMMENT '',
  `create_date` datetime NOT NULL COMMENT '',
  `update_by` varchar(64) NOT NULL COMMENT '',
  `update_date` datetime NOT NULL COMMENT '',
  `remarks` varchar(255) DEFAULT NULL COMMENT '',
  `del_flag` char(1) NOT NULL DEFAULT '0' COMMENT '',
  PRIMARY KEY (`id`),
  KEY `sys_area_parent_id` (`parent_id`),
  KEY `sys_area_del_flag` (`del_flag`)
) ENGINE=InnoDB AUTO_INCREMENT=20 DEFAULT CHARSET=utf8 COMMENT='';

-- ----------------------------
-- Records of pm_sys_area
-- ----------------------------
INSERT INTO `pm_sys_area` VALUES ('1', '0', '', '10', '086', '1', '2015-07-10 08:00:00', '1', '2015-07-10 08:00:00', '', '0');
INSERT INTO `pm_sys_area` VALUES ('9', '1', '', '10', '', '1', '2016-12-05 22:07:23', '1', '2016-12-05 22:07:23', '', '0');
INSERT INTO `pm_sys_area` VALUES ('10', '1', '', '20', '', '1', '2016-12-05 22:07:38', '1', '2016-12-05 22:07:38', '', '0');
INSERT INTO `pm_sys_area` VALUES ('11', '9', '', '10', '', '1', '2016-12-05 22:07:54', '1', '2016-12-05 22:07:54', '', '0');
INSERT INTO `pm_sys_area` VALUES ('12', '9', '', '20', '', '1', '2016-12-05 22:08:14', '1', '2016-12-05 22:08:14', '', '0');
INSERT INTO `pm_sys_area` VALUES ('13', '10', '', '10', '', '1', '2016-12-05 22:08:28', '1', '2016-12-05 22:08:28', '', '0');
INSERT INTO `pm_sys_area` VALUES ('14', '10', '', '20', '', '1', '2016-12-05 22:08:59', '1', '2016-12-05 22:08:59', '', '0');
INSERT INTO `pm_sys_area` VALUES ('15', '1', '', '30', '10010', '1', '2017-07-25 21:19:34', '1', '2017-07-25 21:19:34', '', '0');
INSERT INTO `pm_sys_area` VALUES ('16', '15', '', '50', '10015', '1', '2017-07-25 21:20:11', '1', '2017-07-25 21:20:37', ',!', '0');
INSERT INTO `pm_sys_area` VALUES ('18', '1', '', '30', '045203', '1', '2017-07-25 21:22:08', '1', '2017-07-25 21:22:08', '', '0');
INSERT INTO `pm_sys_area` VALUES ('19', '18', '', '50', '046652', '1', '2017-07-25 21:22:30', '1', '2017-07-25 21:22:30', '', '0');

-- ----------------------------
-- Table structure for `pm_sys_dept`
-- ----------------------------
DROP TABLE IF EXISTS `pm_sys_dept`;
CREATE TABLE `pm_sys_dept` (
  `id` int(32) NOT NULL AUTO_INCREMENT COMMENT '',
  `parent_id` int(32) NOT NULL COMMENT '',
  `name` varchar(100) NOT NULL COMMENT '',
  `sort` decimal(10,0) NOT NULL COMMENT '',
  `code` varchar(100) DEFAULT NULL COMMENT '',
  `address` varchar(255) DEFAULT NULL COMMENT '',
  `master` varchar(100) DEFAULT NULL COMMENT '',
  `phone` varchar(200) DEFAULT NULL COMMENT '',
  `fax` varchar(200) DEFAULT NULL COMMENT '',
  `email` varchar(200) DEFAULT NULL COMMENT '',
  `update_by` varchar(64) NOT NULL COMMENT '',
  `update_date` datetime NOT NULL COMMENT '',
  `remarks` varchar(255) DEFAULT NULL COMMENT '',
  `del_flag` char(1) NOT NULL DEFAULT '0' COMMENT '',
  PRIMARY KEY (`id`),
  KEY `sys_office_parent_id` (`parent_id`),
  KEY `sys_office_del_flag` (`del_flag`)
) ENGINE=InnoDB AUTO_INCREMENT=32 DEFAULT CHARSET=utf8 COMMENT='';

-- ----------------------------
-- Records of pm_sys_dept
-- ----------------------------
INSERT INTO `pm_sys_dept` VALUES ('1', '0', '', '10', '100000', '', '', '', '', '', '1', '2016-12-05 22:04:26', '', '0');
INSERT INTO `pm_sys_dept` VALUES ('22', '1', '', '10', '', '', '', '', '', '', '1', '2016-12-05 22:04:41', '', '0');
INSERT INTO `pm_sys_dept` VALUES ('23', '22', '', '10', '', '', '', '', '', '', '1', '2016-12-05 22:05:09', '', '0');
INSERT INTO `pm_sys_dept` VALUES ('24', '23', 'JAVA', '10', '1000101', '', '', '18845232152', '', '1020008382@qq.com', '1', '2017-07-25 20:14:07', '', '0');
INSERT INTO `pm_sys_dept` VALUES ('25', '23', '', '20', '', '', '', '', '', '', '1', '2016-12-05 22:05:41', '', '0');
INSERT INTO `pm_sys_dept` VALUES ('26', '1', '', '20', '', '', '', '', '', '', '1', '2016-12-05 22:06:01', '', '0');
INSERT INTO `pm_sys_dept` VALUES ('27', '26', '', '20', '', '', '', '', '', '', '1', '2016-12-05 22:06:45', '', '0');
INSERT INTO `pm_sys_dept` VALUES ('28', '1', '', '20', '10003', '', 'Arry', '18745213256', '', '1020008382@qq.com', '1', '2017-07-25 19:33:55', '', '0');
INSERT INTO `pm_sys_dept` VALUES ('30', '28', '', '20', '100301', '', '', '18734153794', '', '1020008382@qq.com', '1', '2017-07-25 21:18:55', '', '0');
INSERT INTO `pm_sys_dept` VALUES ('31', '28', 'vr', '10', '100302', '', 'Terry', '17718405924', '', '1020008382@qq.com', '1', '2017-07-25 22:24:15', '', '0');

-- ----------------------------
-- Table structure for `pm_sys_dict`
-- ----------------------------
DROP TABLE IF EXISTS `pm_sys_dict`;
CREATE TABLE `pm_sys_dict` (
  `id` int(32) NOT NULL AUTO_INCREMENT COMMENT '',
  `value` varchar(100) NOT NULL COMMENT '',
  `label` varchar(100) NOT NULL COMMENT '',
  `type` varchar(100) NOT NULL COMMENT '',
  `description` varchar(100) NOT NULL COMMENT '',
  `sort` decimal(10,0) NOT NULL COMMENT '',
  `parent_id` varchar(64) DEFAULT '0' COMMENT '',
  `update_by` varchar(64) NOT NULL COMMENT '',
  `update_date` datetime NOT NULL COMMENT '',
  `remarks` varchar(255) DEFAULT NULL COMMENT '',
  `del_flag` char(1) NOT NULL DEFAULT '0' COMMENT '',
  PRIMARY KEY (`id`),
  KEY `sys_dict_value` (`value`),
  KEY `sys_dict_label` (`label`),
  KEY `sys_dict_del_flag` (`del_flag`)
) ENGINE=InnoDB AUTO_INCREMENT=98 DEFAULT CHARSET=utf8 COMMENT='';

-- ----------------------------
-- Records of pm_sys_dict
-- ----------------------------
INSERT INTO `pm_sys_dict` VALUES ('1', '0', '', 'del_flag', '', '10', '0', '1', '2015-07-10 08:00:00', null, '0');
INSERT INTO `pm_sys_dict` VALUES ('2', '1', '', 'del_flag', '', '20', '0', '1', '2015-07-10 08:00:00', null, '0');
INSERT INTO `pm_sys_dict` VALUES ('3', '1', '', 'show_hide', '/', '10', '0', '1', '2015-07-10 08:00:00', null, '0');
INSERT INTO `pm_sys_dict` VALUES ('4', '0', '', 'show_hide', '/', '20', '0', '1', '2015-07-10 08:00:00', null, '0');
INSERT INTO `pm_sys_dict` VALUES ('5', '1', '', 'yes_no', '/', '10', '0', '1', '2015-07-10 08:00:00', null, '0');
INSERT INTO `pm_sys_dict` VALUES ('6', '0', '', 'yes_no', '/', '20', '0', '1', '2015-07-10 08:00:00', null, '0');
INSERT INTO `pm_sys_dict` VALUES ('17', '1', '', 'sys_area_type', '', '10', '0', '1', '2015-07-10 08:00:00', null, '0');
INSERT INTO `pm_sys_dict` VALUES ('18', '2', '', 'sys_area_type', '', '20', '0', '1', '2015-07-10 08:00:00', null, '0');
INSERT INTO `pm_sys_dict` VALUES ('19', '3', '', 'sys_area_type', '', '30', '0', '1', '2015-07-10 08:00:00', null, '0');
INSERT INTO `pm_sys_dict` VALUES ('20', '4', '', 'sys_area_type', '', '40', '0', '1', '2015-07-10 08:00:00', null, '0');
INSERT INTO `pm_sys_dict` VALUES ('21', '1', '', 'sys_office_type', '', '60', '0', '1', '2015-07-10 08:00:00', null, '0');
INSERT INTO `pm_sys_dict` VALUES ('22', '2', '', 'sys_office_type', '', '70', '0', '1', '2015-07-10 08:00:00', null, '0');
INSERT INTO `pm_sys_dict` VALUES ('23', '3', '', 'sys_office_type', '', '80', '0', '1', '2015-07-10 08:00:00', null, '0');
INSERT INTO `pm_sys_dict` VALUES ('24', '4', '', 'sys_office_type', '', '90', '0', '1', '2015-07-10 08:00:00', null, '0');
INSERT INTO `pm_sys_dict` VALUES ('28', '1', '', 'sys_office_grade', '', '10', '0', '1', '2015-07-10 08:00:00', null, '0');
INSERT INTO `pm_sys_dict` VALUES ('29', '2', '', 'sys_office_grade', '', '20', '0', '1', '2015-07-10 08:00:00', null, '0');
INSERT INTO `pm_sys_dict` VALUES ('30', '3', '', 'sys_office_grade', '', '30', '0', '1', '2015-07-10 08:00:00', null, '0');
INSERT INTO `pm_sys_dict` VALUES ('31', '4', '', 'sys_office_grade', '', '40', '0', '1', '2015-07-10 08:00:00', null, '0');
INSERT INTO `pm_sys_dict` VALUES ('32', '1', '', 'sys_data_scope', '', '10', '0', '1', '2015-07-10 08:00:00', null, '0');
INSERT INTO `pm_sys_dict` VALUES ('33', '2', '', 'sys_data_scope', '', '20', '0', '1', '2015-07-10 08:00:00', null, '0');
INSERT INTO `pm_sys_dict` VALUES ('34', '3', '', 'sys_data_scope', '', '30', '0', '1', '2015-07-10 08:00:00', null, '0');
INSERT INTO `pm_sys_dict` VALUES ('35', '4', '', 'sys_data_scope', '', '40', '0', '1', '2015-07-10 08:00:00', null, '0');
INSERT INTO `pm_sys_dict` VALUES ('36', '5', '', 'sys_data_scope', '', '50', '0', '1', '2015-07-10 08:00:00', null, '0');
INSERT INTO `pm_sys_dict` VALUES ('37', '8', '', 'sys_data_scope', '', '90', '0', '1', '2015-07-10 08:00:00', null, '0');
INSERT INTO `pm_sys_dict` VALUES ('38', '9', '', 'sys_data_scope', '', '100', '0', '1', '2015-07-10 08:00:00', null, '0');
INSERT INTO `pm_sys_dict` VALUES ('39', '1', '', 'sys_user_type', '', '10', '0', '1', '2015-07-10 08:00:00', null, '0');
INSERT INTO `pm_sys_dict` VALUES ('40', '2', '', 'sys_user_type', '', '20', '0', '1', '2015-07-10 08:00:00', null, '0');
INSERT INTO `pm_sys_dict` VALUES ('41', '3', '', 'sys_user_type', '', '30', '0', '1', '2015-07-10 08:00:00', null, '0');
INSERT INTO `pm_sys_dict` VALUES ('67', '1', '', 'sys_log_type', '', '30', '0', '1', '2015-07-10 08:00:00', null, '0');
INSERT INTO `pm_sys_dict` VALUES ('68', '2', '', 'sys_log_type', '', '50', '0', '1l', '2017-07-09 21:55:19', '', '0');
INSERT INTO `pm_sys_dict` VALUES ('96', '1', '', 'sex', '', '10', '0', '1', '2015-07-10 08:00:00', null, '0');
INSERT INTO `pm_sys_dict` VALUES ('97', '2', '', 'sex', '', '20', '0', '1', '2015-07-10 08:00:00', null, '0');

-- ----------------------------
-- Table structure for `pm_sys_menu`
-- ----------------------------
DROP TABLE IF EXISTS `pm_sys_menu`;
CREATE TABLE `pm_sys_menu` (
  `id` int(64) NOT NULL AUTO_INCREMENT COMMENT '',
  `parent_id` int(64) NOT NULL COMMENT '',
  `name` varchar(100) NOT NULL COMMENT '',
  `sort` decimal(10,0) NOT NULL COMMENT '',
  `href` varchar(2000) DEFAULT NULL COMMENT '',
  `target` varchar(20) DEFAULT NULL COMMENT '',
  `icon` varchar(100) DEFAULT NULL COMMENT '',
  `is_show` char(1) NOT NULL COMMENT '',
  `permission` varchar(200) DEFAULT NULL COMMENT '',
  `update_by` varchar(64) NOT NULL COMMENT '',
  `update_date` datetime NOT NULL COMMENT '',
  `remarks` varchar(255) DEFAULT NULL COMMENT '',
  `del_flag` char(1) NOT NULL DEFAULT '0' COMMENT '',
  PRIMARY KEY (`id`),
  KEY `sys_menu_parent_id` (`parent_id`),
  KEY `sys_menu_del_flag` (`del_flag`)
) ENGINE=InnoDB AUTO_INCREMENT=31 DEFAULT CHARSET=utf8 COMMENT='';

-- ----------------------------
-- Records of pm_sys_menu
-- ----------------------------
INSERT INTO `pm_sys_menu` VALUES ('1', '0', '', '10', '', '', '', '1', '', '1', '2017-04-20 16:52:01', '', '0');
INSERT INTO `pm_sys_menu` VALUES ('3', '1', '', '20', '', '', '', '1', '', '1', '2017-04-21 16:25:00', '', '0');
INSERT INTO `pm_sys_menu` VALUES ('4', '3', '', '10', '/sysoa/sysmanager/menu/goMenu', null, 'list-alt', '1', null, '1', '2015-07-10 08:00:00', null, '0');
INSERT INTO `pm_sys_menu` VALUES ('7', '3', '', '20', '/sysoa/sysmanager/role/goRole', '', 'lock', '1', '', '1', '2016-11-29 17:09:58', '', '0');
INSERT INTO `pm_sys_menu` VALUES ('10', '3', '', '30', '/sysoa/sysmanager/dict/goDict', '', 'th-list', '1', null, '1', '2017-04-21 16:32:32', '', '0');
INSERT INTO `pm_sys_menu` VALUES ('14', '3', '', '30', '/sysoa/sysmanager/area/goArea', '', 'th', '1', '', '1', '2017-04-21 16:29:17', '', '0');
INSERT INTO `pm_sys_menu` VALUES ('17', '3', '', '20', '/sysoa/sysmanager/dept/goDept', '', 'th-large', '1', '', '1', '2017-04-21 16:29:52', '', '0');
INSERT INTO `pm_sys_menu` VALUES ('20', '3', '', '10', '/sysoa/sysmanager/user/goUserList', '', 'user', '1', '', '1', '2017-07-12 13:47:17', '', '0');
INSERT INTO `pm_sys_menu` VALUES ('28', '1', '', '10', '', '', null, '1', null, '1', '2017-04-21 16:31:44', '', '0');
INSERT INTO `pm_sys_menu` VALUES ('29', '28', '', '30', '/sysoa/sysmanager/user/goUinfo', '', 'user', '1', null, '1', '2017-07-12 13:48:57', '', '0');
INSERT INTO `pm_sys_menu` VALUES ('30', '28', '', '30', '/sysoa/sysmanager/user/goChangePsd', '', 'lock', '1', '', '1', '2017-04-21 16:32:12', '', '0');

-- ----------------------------
-- Table structure for `pm_sys_role`
-- ----------------------------
DROP TABLE IF EXISTS `pm_sys_role`;
CREATE TABLE `pm_sys_role` (
  `id` int(32) NOT NULL AUTO_INCREMENT COMMENT '',
  `name` varchar(100) NOT NULL COMMENT '',
  `update_by` varchar(64) NOT NULL COMMENT '',
  `update_date` datetime NOT NULL COMMENT '',
  `remarks` varchar(255) DEFAULT NULL COMMENT '',
  `del_flag` char(1) NOT NULL DEFAULT '0' COMMENT '',
  PRIMARY KEY (`id`),
  KEY `sys_role_del_flag` (`del_flag`)
) ENGINE=InnoDB AUTO_INCREMENT=29 DEFAULT CHARSET=utf8 COMMENT='';

-- ----------------------------
-- Records of pm_sys_role
-- ----------------------------
INSERT INTO `pm_sys_role` VALUES ('1', '', 'F9D97D272D713F0EC363F0B2001114B2', '2017-07-25 21:49:55', '', '0');
INSERT INTO `pm_sys_role` VALUES ('23', '', '1', '2016-12-05 22:10:32', '', '0');
INSERT INTO `pm_sys_role` VALUES ('24', '', '9', '2016-12-05 22:14:52', '', '0');
INSERT INTO `pm_sys_role` VALUES ('26', '', 'BED70E0DD39BCED7E04DDE5D5FF90910', '2017-07-25 21:21:36', 'Arry!', '0');
INSERT INTO `pm_sys_role` VALUES ('28', '', 'BED70E0DD39BCED7E04DDE5D5FF90910', '2017-07-25 21:22:49', '', '0');

-- ----------------------------
-- Table structure for `pm_sys_role_area`
-- ----------------------------
DROP TABLE IF EXISTS `pm_sys_role_area`;
CREATE TABLE `pm_sys_role_area` (
  `role_id` int(32) NOT NULL COMMENT '',
  `area_id` int(32) NOT NULL COMMENT '',
  PRIMARY KEY (`role_id`,`area_id`)
) ENGINE=InnoDB DEFAULT CHARSET=utf8 COMMENT='-';

-- ----------------------------
-- Records of pm_sys_role_area
-- ----------------------------
INSERT INTO `pm_sys_role_area` VALUES ('1', '1');
INSERT INTO `pm_sys_role_area` VALUES ('1', '9');
INSERT INTO `pm_sys_role_area` VALUES ('1', '10');
INSERT INTO `pm_sys_role_area` VALUES ('1', '11');
INSERT INTO `pm_sys_role_area` VALUES ('1', '12');
INSERT INTO `pm_sys_role_area` VALUES ('1', '13');
INSERT INTO `pm_sys_role_area` VALUES ('1', '14');
INSERT INTO `pm_sys_role_area` VALUES ('1', '15');
INSERT INTO `pm_sys_role_area` VALUES ('1', '16');
INSERT INTO `pm_sys_role_area` VALUES ('1', '18');
INSERT INTO `pm_sys_role_area` VALUES ('1', '19');
INSERT INTO `pm_sys_role_area` VALUES ('23', '1');
INSERT INTO `pm_sys_role_area` VALUES ('23', '9');
INSERT INTO `pm_sys_role_area` VALUES ('23', '11');
INSERT INTO `pm_sys_role_area` VALUES ('23', '12');
INSERT INTO `pm_sys_role_area` VALUES ('24', '1');
INSERT INTO `pm_sys_role_area` VALUES ('24', '10');
INSERT INTO `pm_sys_role_area` VALUES ('24', '13');
INSERT INTO `pm_sys_role_area` VALUES ('24', '14');
INSERT INTO `pm_sys_role_area` VALUES ('26', '1');
INSERT INTO `pm_sys_role_area` VALUES ('26', '15');
INSERT INTO `pm_sys_role_area` VALUES ('26', '16');
INSERT INTO `pm_sys_role_area` VALUES ('28', '1');
INSERT INTO `pm_sys_role_area` VALUES ('28', '18');
INSERT INTO `pm_sys_role_area` VALUES ('28', '19');

-- ----------------------------
-- Table structure for `pm_sys_role_dept`
-- ----------------------------
DROP TABLE IF EXISTS `pm_sys_role_dept`;
CREATE TABLE `pm_sys_role_dept` (
  `role_id` int(32) NOT NULL COMMENT '',
  `dept_id` int(32) NOT NULL COMMENT '',
  PRIMARY KEY (`role_id`,`dept_id`)
) ENGINE=InnoDB DEFAULT CHARSET=utf8 COMMENT='-';

-- ----------------------------
-- Records of pm_sys_role_dept
-- ----------------------------
INSERT INTO `pm_sys_role_dept` VALUES ('1', '1');
INSERT INTO `pm_sys_role_dept` VALUES ('1', '22');
INSERT INTO `pm_sys_role_dept` VALUES ('1', '23');
INSERT INTO `pm_sys_role_dept` VALUES ('1', '24');
INSERT INTO `pm_sys_role_dept` VALUES ('1', '25');
INSERT INTO `pm_sys_role_dept` VALUES ('1', '26');
INSERT INTO `pm_sys_role_dept` VALUES ('1', '27');
INSERT INTO `pm_sys_role_dept` VALUES ('1', '28');
INSERT INTO `pm_sys_role_dept` VALUES ('1', '30');
INSERT INTO `pm_sys_role_dept` VALUES ('1', '31');
INSERT INTO `pm_sys_role_dept` VALUES ('23', '1');
INSERT INTO `pm_sys_role_dept` VALUES ('23', '22');
INSERT INTO `pm_sys_role_dept` VALUES ('23', '23');
INSERT INTO `pm_sys_role_dept` VALUES ('23', '24');
INSERT INTO `pm_sys_role_dept` VALUES ('23', '25');
INSERT INTO `pm_sys_role_dept` VALUES ('24', '1');
INSERT INTO `pm_sys_role_dept` VALUES ('24', '26');
INSERT INTO `pm_sys_role_dept` VALUES ('24', '27');
INSERT INTO `pm_sys_role_dept` VALUES ('26', '1');
INSERT INTO `pm_sys_role_dept` VALUES ('26', '28');
INSERT INTO `pm_sys_role_dept` VALUES ('26', '30');
INSERT INTO `pm_sys_role_dept` VALUES ('28', '1');
INSERT INTO `pm_sys_role_dept` VALUES ('28', '28');
INSERT INTO `pm_sys_role_dept` VALUES ('28', '30');

-- ----------------------------
-- Table structure for `pm_sys_role_menu`
-- ----------------------------
DROP TABLE IF EXISTS `pm_sys_role_menu`;
CREATE TABLE `pm_sys_role_menu` (
  `role_id` int(32) NOT NULL COMMENT '',
  `menu_id` int(32) NOT NULL COMMENT '',
  PRIMARY KEY (`role_id`,`menu_id`)
) ENGINE=InnoDB DEFAULT CHARSET=utf8 COMMENT='-';

-- ----------------------------
-- Records of pm_sys_role_menu
-- ----------------------------
INSERT INTO `pm_sys_role_menu` VALUES ('1', '1');
INSERT INTO `pm_sys_role_menu` VALUES ('1', '3');
INSERT INTO `pm_sys_role_menu` VALUES ('1', '4');
INSERT INTO `pm_sys_role_menu` VALUES ('1', '7');
INSERT INTO `pm_sys_role_menu` VALUES ('1', '10');
INSERT INTO `pm_sys_role_menu` VALUES ('1', '14');
INSERT INTO `pm_sys_role_menu` VALUES ('1', '17');
INSERT INTO `pm_sys_role_menu` VALUES ('1', '20');
INSERT INTO `pm_sys_role_menu` VALUES ('1', '28');
INSERT INTO `pm_sys_role_menu` VALUES ('1', '29');
INSERT INTO `pm_sys_role_menu` VALUES ('1', '30');
INSERT INTO `pm_sys_role_menu` VALUES ('23', '1');
INSERT INTO `pm_sys_role_menu` VALUES ('23', '3');
INSERT INTO `pm_sys_role_menu` VALUES ('23', '4');
INSERT INTO `pm_sys_role_menu` VALUES ('23', '7');
INSERT INTO `pm_sys_role_menu` VALUES ('23', '10');
INSERT INTO `pm_sys_role_menu` VALUES ('23', '14');
INSERT INTO `pm_sys_role_menu` VALUES ('23', '17');
INSERT INTO `pm_sys_role_menu` VALUES ('23', '20');
INSERT INTO `pm_sys_role_menu` VALUES ('23', '28');
INSERT INTO `pm_sys_role_menu` VALUES ('23', '29');
INSERT INTO `pm_sys_role_menu` VALUES ('23', '30');
INSERT INTO `pm_sys_role_menu` VALUES ('24', '1');
INSERT INTO `pm_sys_role_menu` VALUES ('24', '3');
INSERT INTO `pm_sys_role_menu` VALUES ('24', '4');
INSERT INTO `pm_sys_role_menu` VALUES ('24', '7');
INSERT INTO `pm_sys_role_menu` VALUES ('24', '10');
INSERT INTO `pm_sys_role_menu` VALUES ('24', '14');
INSERT INTO `pm_sys_role_menu` VALUES ('24', '17');
INSERT INTO `pm_sys_role_menu` VALUES ('24', '20');
INSERT INTO `pm_sys_role_menu` VALUES ('24', '28');
INSERT INTO `pm_sys_role_menu` VALUES ('24', '29');
INSERT INTO `pm_sys_role_menu` VALUES ('24', '30');
INSERT INTO `pm_sys_role_menu` VALUES ('26', '1');
INSERT INTO `pm_sys_role_menu` VALUES ('26', '3');
INSERT INTO `pm_sys_role_menu` VALUES ('26', '17');
INSERT INTO `pm_sys_role_menu` VALUES ('26', '20');
INSERT INTO `pm_sys_role_menu` VALUES ('26', '28');
INSERT INTO `pm_sys_role_menu` VALUES ('26', '29');
INSERT INTO `pm_sys_role_menu` VALUES ('26', '30');
INSERT INTO `pm_sys_role_menu` VALUES ('28', '1');
INSERT INTO `pm_sys_role_menu` VALUES ('28', '3');
INSERT INTO `pm_sys_role_menu` VALUES ('28', '20');
INSERT INTO `pm_sys_role_menu` VALUES ('28', '28');
INSERT INTO `pm_sys_role_menu` VALUES ('28', '29');
INSERT INTO `pm_sys_role_menu` VALUES ('28', '30');

-- ----------------------------
-- Table structure for `pm_sys_user`
-- ----------------------------
DROP TABLE IF EXISTS `pm_sys_user`;
CREATE TABLE `pm_sys_user` (
  `user_id` int(32) NOT NULL AUTO_INCREMENT COMMENT '',
  `dept_id` int(32) NOT NULL COMMENT '',
  `login_name` varchar(100) NOT NULL COMMENT '',
  `password` varchar(100) NOT NULL COMMENT '',
  `user_no` varchar(100) DEFAULT NULL COMMENT '',
  `user_name` varchar(100) NOT NULL COMMENT '',
  `email` varchar(200) DEFAULT NULL COMMENT '',
  `phone` varchar(200) DEFAULT NULL COMMENT '',
  `mobile` varchar(200) DEFAULT NULL COMMENT '',
  `update_by` varchar(64) NOT NULL COMMENT '',
  `update_date` datetime NOT NULL COMMENT '',
  `remarks` varchar(255) DEFAULT NULL COMMENT '',
  `del_flag` char(1) NOT NULL DEFAULT '0' COMMENT '',
  PRIMARY KEY (`user_id`),
  KEY `sys_user_office_id` (`dept_id`),
  KEY `sys_user_login_name` (`login_name`),
  KEY `sys_user_update_date` (`update_date`),
  KEY `sys_user_del_flag` (`del_flag`)
) ENGINE=InnoDB AUTO_INCREMENT=14 DEFAULT CHARSET=utf8 COMMENT='';

-- ----------------------------
-- Records of pm_sys_user
-- ----------------------------
INSERT INTO `pm_sys_user` VALUES ('1', '1', 'admin', '387a12c8a478bc45dbbb488c909a62dfc3459414db2f0056ba20772d', '000100', '', '1020008382@qq.com', '8455643', '18734153794', '1', '2016-12-02 15:58:08', 'java!', '0');
INSERT INTO `pm_sys_user` VALUES ('9', '22', 'xiaoyanggao', '1f1673d5440280ae288fd594d73894d34f6dfa99a9ad55f398e87ce9', '002', 'xiaoyanggao', '', '', '', '1', '2016-12-05 22:11:49', '', '0');
INSERT INTO `pm_sys_user` VALUES ('10', '26', 'shubiao', '0d25aba2782d514bf4a4934ab29c2095da7db9ae03ff6ca07c64c7f6', '003', 'shubiao', '', '', '', '1', '2016-12-05 22:12:17', '', '0');
INSERT INTO `pm_sys_user` VALUES ('12', '25', 'Jon', '59540991c6d3e7d3329c8c37262c92090c784d202f5db43b74be48de', '1005', '', '1020008382@qq.com', '8455643', '17718542595', '', '2017-07-14 18:07:15', ',', '0');
INSERT INTO `pm_sys_user` VALUES ('13', '27', 'lwh222', '70c1cd1e5833d0c65524709ed0a01f022def18c406d288759f297504', '1006', '', '1020008382@qq.com', '8455245', '174526523', '', '2017-07-25 23:13:48', '', '0');

-- ----------------------------
-- Table structure for `pm_sys_user_role`
-- ----------------------------
DROP TABLE IF EXISTS `pm_sys_user_role`;
CREATE TABLE `pm_sys_user_role` (
  `user_id` int(32) NOT NULL COMMENT '',
  `role_id` int(32) NOT NULL COMMENT '',
  PRIMARY KEY (`user_id`,`role_id`)
) ENGINE=InnoDB DEFAULT CHARSET=utf8 COMMENT='-';

-- ----------------------------
-- Records of pm_sys_user_role
-- ----------------------------
INSERT INTO `pm_sys_user_role` VALUES ('1', '1');
INSERT INTO `pm_sys_user_role` VALUES ('9', '23');
INSERT INTO `pm_sys_user_role` VALUES ('10', '24');
INSERT INTO `pm_sys_user_role` VALUES ('12', '1');
INSERT INTO `pm_sys_user_role` VALUES ('12', '24');
